Date,User,Message
2019-03-20 08:08:17,"풀러스 앨빈","ㅍㄷ"
2019-03-20 08:08:21,"풀러스 앨빈","점심먹자"
2019-03-20 08:08:33,"풀러스 앨빈","규카츠"
2019-03-20 09:18:56,"유현정","악속있"
2019-03-20 09:19:16,"풀러스 앨빈","ㅇㅋ"
2019-03-20 10:24:57,"풀러스 리나","규카츠 맛있겠다"
2019-03-20 10:25:03,"풀러스 리나","야 근데 노마랑 오늘 만나는거?"
2019-03-20 10:25:34,"유현정","웅 보자 ㅇㅇ"
2019-03-20 10:25:38,"유현정","2시에 티타임?"
2019-03-20 10:26:04,"풀러스 리나","님들때매 출근함"
2019-03-20 10:26:09,"풀러스 리나","나 아직도 침대"
2019-03-20 10:28:21,"유현정","히히"
2019-03-20 10:28:23,"유현정","이모티콘"
2019-03-20 10:28:28,"유현정","난 주중에 리나 보면 좋아"
2019-03-20 10:28:41,"유현정","내가 아직 쓸모있는 인간이라는 생각이 들게 해주거든"
2019-03-20 10:28:49,"유현정","클룩에 있음 개소리를 너뮤 많이 들어서"
2019-03-20 10:28:53,"유현정","멍청해지는거 같아"
2019-03-20 10:30:09,"풀러스 리나","야 근데 미세먼지지수가 너무 높아서"
2019-03-20 10:30:13,"풀러스 리나","나가기에 무서워"
2019-03-20 10:30:45,"유현정","아냐 너네 사무실 좋아"
2019-03-20 10:31:30,"풀러스 리나","거기까지 가는길에 죽으면???"
2019-03-20 10:33:40,"케일","마셔서 없애자 모르십니까"
2019-03-20 10:34:13,"케일","https://www.google.com/amp/s/m.ytn.co.kr/news_view.amp.php%3fparam=0104_201511211206446269"
2019-03-20 10:38:45,"풀러스 기모","님들도 감기 조심해요!!!"
2019-03-20 10:39:01,"케일","기모오오오"
2019-03-20 10:39:08,"케일","감기 걸리셨어요??"
2019-03-20 10:39:51,"풀러스 기모","넹ㅋㅋ 아주 죽것어요ㅋㅋ"
2019-03-20 10:39:57,"풀러스 기모","조심해요!! 미세먼지도 감기도!!!"
2019-03-20 11:06:02,"유현정","기모오"
2019-03-20 11:06:07,"유현정","나도 감기 일주일 개고생하다가"
2019-03-20 11:06:09,"유현정","겨우 떨궜어"
2019-03-20 11:06:14,"유현정","날씨 좋아졌다고 방심하고 입고 다니다가"
2019-03-20 11:06:20,"유현정","건조함때문에 아주"
2019-03-20 11:29:52,"풀러스 리나","미세먼지 많은 날엔"
2019-03-20 11:29:57,"풀러스 리나","왜케 무기력하고 우울하징"
2019-03-20 11:44:08,"풀러스 앨빈","사진"
2019-03-20 11:44:11,"풀러스 앨빈","마!"
2019-03-20 11:44:14,"풀러스 앨빈","난하늘이다"
2019-03-20 11:44:39,"케일","우웩"
2019-03-20 11:44:54,"풀러스 앨빈","파덕도 보고반성해야해"
2019-03-20 11:45:00,"풀러스 앨빈","맨날이상한거올리"
2019-03-20 11:45:01,"유현정","난 이거 캡쳐해서"
2019-03-20 11:45:04,"유현정","고똥한테 보낸다"
2019-03-20 11:45:06,"풀러스 앨빈","?"
2019-03-20 11:47:09,"풀러스 기모","헐,,,,"
2019-03-20 11:47:10,"풀러스 기모","ㅋㅋㅋㅋㅋㅋㅋㅋㅋ"
2019-03-20 11:47:26,"유현정","사진"
2019-03-20 11:47:28,"유현정","답장이 없네"
2019-03-20 11:48:26,"풀러스 리나","ㅋㅋㅋㅋㅋㅋㅋㅋㅋㅋㅋㅋㅋㅋㅋ"
2019-03-20 11:48:28,"케일","파덕이"
2019-03-20 11:48:32,"케일","싸움을 거네요"
2019-03-20 11:48:39,"케일","오늘 싸운다에 한 표"
2019-03-20 11:48:42,"풀러스 리나","진짜 앨빈여친 너무 불쌍하다"
2019-03-20 11:48:59,"풀러스 리나","본인은 알까 앨빈이 이런거 다 우리한테 공유한다는걸ㅋㅋㅋㅋ"
2019-03-20 11:49:00,"풀러스 앨빈","?"
2019-03-20 11:49:10,"풀러스 앨빈","고똥이랑 뭐가달랑"
2019-03-20 11:49:18,"풀러스 리나","맞아 그래서 우리가 늘 말하자나"
2019-03-20 11:49:22,"풀러스 리나","고똥은 정말 극한직업이라구"
2019-03-20 11:49:29,"풀러스 앨빈","이모티콘"
2019-03-20 11:49:36,"풀러스 리나","아 일하기싫어"
2019-03-20 11:49:51,"풀러스 기모","ㅋㅋㅋㅋㅋㅋㅋㅋㅋㅋ"
2019-03-20 11:50:15,"풀러스 리나","누가 나대신 여기서 일좀해주라"
2019-03-20 11:53:05,"유현정","너 내가 300번 정도 말해ㅆ지만"
2019-03-20 11:53:09,"유현정","정말 감사하면서 다녀..."
2019-03-20 11:53:12,"유현정","그런 회사 없다"
2019-03-20 11:53:20,"풀러스 리나","ㅜㅜㅜㅜㅜ위로가 안되"
2019-03-20 11:53:39,"풀러스 리나","나 진짜 문제가뭘까 ㅋㅋㅋ 왜이렇게 맨날 일하기 싫다고 입에 달고다니지"
2019-03-20 11:53:42,"풀러스 리나","이렇게 좋은 회사 다니면서"
2019-03-20 11:54:11,"유현정","맞아"
2019-03-20 11:54:16,"유현정","야 클룩이였어봐"
2019-03-20 11:54:18,"유현정","너 그런거 만들면"
2019-03-20 11:54:24,"유현정","뒤에서 진짜 어?"
2019-03-20 11:54:29,"유현정","지사장이 애들 모아놓고 너 씹는다"
2019-03-20 11:54:37,"유현정","시키는 일은 안하고 이상한거 한다고 이러면서"
2019-03-20 11:54:45,"유현정","그리고 갑자기 너한테 좆같은 광고 사이즈 베리 300개 해라고 시킴"
2019-03-20 11:59:23,"풀러스 리나","하... 그래 우리 토니는"
2019-03-20 11:59:35,"풀러스 리나","나한테 십분만 얘기할수있냐고 해서 긴장탔더니"
2019-03-20 11:59:51,"풀러스 리나","본인이 이제 디자인을 그만 두고 오로지 ceo의 역할만 하게될꺼라고 말해서"
2019-03-20 12:00:19,"유현정","ㅋㅋㅋㅋㅋㅋㅋㅋㅋㅋ"
2019-03-20 12:00:23,"유현정","정말 본인 얘기로군"
2019-03-20 12:00:25,"풀러스 리나","얼마나 뭐라그럴까 왜 이런거까지"
2019-03-20 12:00:33,"풀러스 리나","다 일일이 디자이너들한테 말하지 싶었는짘ㅋㅋ"
2019-03-20 12:00:48,"유현정","거기도 토니가 있고"
2019-03-20 12:00:52,"유현정","여기도 토니가 있는데"
2019-03-20 12:00:53,"유현정","다르군"
2019-03-20 12:00:56,"유현정","우리 토니는..."
2019-03-20 12:01:46,"풀러스 리나","ㅋㅋㅋㅋㅋ엊그제 우리가 울회사는 털어서 먼지안나올것 같다고 얘기한게 자꾸 생각났어"
2019-03-20 12:02:07,"풀러스 리나","왠지 기부하고있는게 공개될 것 같다곸ㅋㅋㅋㅋ"
2019-03-20 12:04:50,"유현정","깜짝"
2019-03-20 12:04:55,"유현정","죄송해요 여러분…;;;"
2019-03-20 12:05:00,"유현정","들킬 생각은 없었는데… 하"
2019-03-20 12:05:03,"유현정","유재석 느낌"
2019-03-20 12:05:11,"유현정","진짜 여긴 파도파도 계속 나오는 양파와 같아"
2019-03-20 12:05:41,"풀러스 리나","ㅋㅋㅋㅋ 그런 욕할꺼리가 있어야 재밌는데"
2019-03-20 12:05:47,"풀러스 리나","그런게 없어서 재미없나"
2019-03-20 12:10:23,"유현정","ㅋㅋㅋㅋㅋㅋㅋㅋㅋ"
2019-03-20 12:10:25,"유현정","풀러스에 비해서"
2019-03-20 12:10:28,"유현정","드라마틱하지 않아서 그래"
2019-03-20 12:10:29,"유현정","나를 봐"
2019-03-20 12:10:30,"유현정","시발"
2019-03-20 12:10:34,"유현정","체파에 클룩까지"
2019-03-20 12:11:11,"유현정","사진"
2019-03-20 12:14:04,"케일","싸워라(짝) 싸워라(짝)"
2019-03-20 12:24:54,"풀러스 리나","ㅋㅋㅋㅋㅋㅋㅋㅋ"
2019-03-20 13:40:02,"유현정","헐"
2019-03-20 13:40:06,"유현정","나 프로토파이 이벤트"
2019-03-20 13:40:09,"유현정","참가하는거 까먹어서"
2019-03-20 13:40:13,"유현정","우씨 이러고 봤는데"
2019-03-20 13:40:22,"유현정","수상작들 보니 어차피 나는 도전해도 떨어졌겠구나...."
2019-03-20 13:40:32,"풀러스 기모","수상작 뭐예욤?"
2019-03-20 13:40:33,"풀러스 기모","궁금!!!"
2019-03-20 13:43:32,"유현정","사진"
2019-03-20 13:43:45,"유현정","근데 생각해보니까"
2019-03-20 13:43:54,"유현정","요즘 준 우리 대화 겁내 참여안하네 ?"
2019-03-20 13:43:56,"유현정","개빡?"
2019-03-20 13:44:16,"케일","썸타십니까"
2019-03-20 13:50:27,"풀러스 준","너무바빠"
2019-03-20 13:50:31,"풀러스 준","ㅂㄷㅂㄷ"
2019-03-20 13:50:39,"풀러스 준","죽을거같애"
2019-03-20 13:56:09,"유현정","그리고 꼭 본인태그 하면 나와"
2019-03-20 13:56:12,"유현정","정말 이상한 놈이지"
2019-03-20 13:57:23,"풀러스 앨빈","아.."
2019-03-20 13:57:26,"풀러스 앨빈","힘들다"
2019-03-20 13:57:28,"풀러스 앨빈","ㄹㅇ"
2019-03-20 13:57:38,"풀러스 앨빈","이럴려고사나"
2019-03-20 13:57:39,"풀러스 앨빈","시벌"
2019-03-20 13:59:21,"풀러스 리나","아 졸려 꼬다리찜 먹었더니"
2019-03-20 13:59:27,"풀러스 리나","정신못차리겠네"
2019-03-20 13:59:33,"풀러스 리나","기모어딨어기모"
2019-03-20 13:59:35,"풀러스 리나","기모오"
2019-03-20 13:59:40,"풀러스 리나","제 발레 영상 보실래요???"
2019-03-20 14:12:37,"풀러스 기모","갑자기요??ㅋㅋㅋ"
2019-03-20 14:13:15,"풀러스 리나","ㅋㅋㅋㅋㅋㅋㅋ기모만이 좋아해요"
2019-03-20 14:14:42,"풀러스 기모","ㅋㅋㅋㅋㅋㅋㅋ"
2019-03-20 14:31:42,"풀러스 리나","https://www.notion.so/about"
2019-03-20 17:57:22,"풀러스 리나","https://www.notion.so/protopie/Community-Support-Notion-3562e43bdc284dd3b58e3ffd314cc80e"
2019-03-20 17:57:28,"풀러스 리나","노션 채용공고인데 너무 귀염"
2019-03-20 18:05:05,"유현정","저 채용공고를 쓸 수 있을만큼 영어를 잘하고 싶다"
2019-03-20 18:05:15,"유현정","이번에 캐나다 가면 공부하고 와야지.."
2019-03-20 18:05:22,"풀러스 리나","중간에 사진 있는거 느낌 너무 좋지않앙??ㅋ"
2019-03-20 18:05:34,"풀러스 리나","중간에 사진 있는거 개발자 어렸을떄랰ㅋ"
2019-03-20 18:05:52,"풀러스 앨빈","현실
이상한 몬트리올식 불어랑 한글영어섞인 혼종탄생"
2019-03-20 18:06:12,"풀러스 앨빈","우리도 창업해서 저렇게공고내자"
2019-03-20 18:10:22,"유현정","야 불어 꺼져"
2019-03-20 18:10:30,"유현정","에비씨 발음도 못외웠어 스벌"
2019-03-20 18:11:05,"풀러스 앨빈","아 베 쎄 데 으 에프 제"
2019-03-20 18:11:07,"풀러스 앨빈","ㅂㅅ아"
2019-03-20 18:11:13,"풀러스 앨빈","ㅋㅋㅋㅋㅋㅋㅋㅋㅋ"
2019-03-20 18:11:21,"풀러스 앨빈","오빠가!! 마!! 제2외국어!! 불어야마!!"
2019-03-20 18:11:29,"케일","쏘오데쓰네"
2019-03-20 18:11:32,"풀러스 앨빈","컴시컴사!!"
2019-03-20 18:11:34,"풀러스 앨빈","코멘사바!!"
2019-03-20 18:11:36,"풀러스 앨빈","싸바비엔!!!"
2019-03-20 18:22:19,"유현정","…?"
2019-03-20 18:22:23,"유현정","컴싸?"
2019-03-20 18:22:25,"유현정","스페인언줄"
2019-03-20 18:22:46,"풀러스 앨빈","오늘외안오냐대니두오는데"
2019-03-20 18:23:00,"유현정","오늘 내 사랑 남편이 오거든"
2019-03-20 18:23:00,"유현정","ㅃㅇ"
2019-03-20 18:23:12,"풀러스 앨빈","이모티콘"
2019-03-20 18:59:27,"풀러스 리나","비와서 발레 안가고 구냥 집가야지"
2019-03-21 13:41:12,"케일","담주에 언제 리나집에 가나요"
2019-03-21 13:41:19,"케일","이모티콘"
2019-03-21 13:51:01,"풀러스 리나","내가 재택하는날?ㅋㅋ"
2019-03-21 14:16:09,"유현정","내일이다 드디어"
2019-03-21 14:16:12,"유현정","존나 오래 기다리셨습니다"
2019-03-21 14:16:13,"유현정","후욱후욱"
2019-03-21 14:21:00,"케일","날짜를 정해야 담주 알바 갈 날을 정합네다"
2019-03-21 14:23:06,"유현정","안가면 되지"
2019-03-21 14:23:09,"유현정","무엇을 고민인가?"
2019-03-21 14:24:41,"케일","ㅋㅋㅋㅋ태국을 위해 급전을 벌어야 해소..."
2019-03-21 14:25:57,"풀러스 리나","월욜?"
2019-03-21 14:26:03,"풀러스 리나","나 월욜은 회사 잘 안나가ㅋ"
2019-03-21 14:33:30,"유현정","좋아!"
2019-03-21 14:33:40,"유현정","아 잠만"
2019-03-21 14:33:42,"유현정","월욜 나 안되는데"
2019-03-21 14:36:19,"풀러스 리나","왜?"
2019-03-21 14:36:24,"풀러스 리나","화수목은 애매한데"
2019-03-21 14:56:23,"유현정","혜민이랑 점심먹기로 했어"
2019-03-21 14:56:29,"유현정","점심먹고 가면 동선이가 꼬여"
2019-03-21 14:56:32,"유현정","에잉 파토!"
2019-03-21 15:14:58,"케일","흑"
2019-03-21 15:31:31,"케일","화수목에 왜 안돼여어어"
2019-03-21 15:32:46,"유현정","너가 못생겨서"
2019-03-21 15:32:49,"유현정","케켘케ㅔ케켘케케"
2019-03-21 17:15:11,"풀러스 리나","안되는건 아니고 아직 모르겠어! 그때 미팅이 있음"
2019-03-21 17:15:20,"풀러스 리나","회사 나가야할수도 있어서ㅋㅌ"
2019-03-21 17:15:24,"풀러스 리나","일단은 그럼 화욜?"
2019-03-21 17:34:06,"유현정","ㅋㅋㅋㅋㅋ정말 자유로운 영혼이야"
2019-03-21 17:34:19,"유현정","아니 난 화요일에 노마랑 카라랑 잠실에서 밥먹을 것 같아서"
2019-03-21 17:34:22,"유현정","합류하기 빡셀듯"
2019-03-21 17:34:30,"유현정","그냥 내가 목요일에 학원가면서"
2019-03-21 17:34:34,"유현정","리나네 회사가서 놀게"
2019-03-21 17:35:00,"유현정","사진"
2019-03-21 17:35:18,"유현정","사진"
2019-03-21 17:35:25,"유현정","ㅋㅋㅋㅋㅋㅋㅋㅋㅋㅋㅋ홀리 ㅋㅋㅋㅋㅋ"
2019-03-21 18:04:43,"풀러스 리나","자꾸 울 회사에 온다고하지마"
2019-03-21 18:04:46,"풀러스 리나","나 집에서 일하고싶단 말야"
2019-03-21 18:04:53,"풀러스 리나","지금 어제 오늘 출근하느라 빡셈"
2019-03-21 18:10:57,"유현정","ㅋㅋㅋㅋㅋㅋㅋㅋㅋ나쁜놈이야"
2019-03-21 18:11:00,"유현정","휴 50분만 버티면"
2019-03-21 18:11:02,"유현정","오늘도 끝이다"
2019-03-21 19:37:06,"풀러스 리나","오늘도 끝이다"
2019-03-21 19:37:12,"풀러스 리나","이번주 끝!!"
2019-03-21 20:25:17,"풀러스 준","???"
2019-03-21 20:25:19,"풀러스 준","난 야근"
2019-03-21 20:25:23,"풀러스 준","ㅎ ㅏ"
2019-03-22 10:40:00,"유현정","후후"
2019-03-22 10:40:03,"유현정","오늘닙니다"
2019-03-22 10:41:28,"케일","소리벗고 팬티질러~~~"
2019-03-22 11:08:31,"유현정","다들 모여라"
2019-03-22 11:08:33,"유현정","빨리 축하해줘"
2019-03-22 11:40:39,"풀러스 준","퇴사야?"
2019-03-22 11:43:22,"풀러스 앨빈","아 파덕 이메일 못봐쭸네"
2019-03-22 11:43:28,"풀러스 앨빈","야근데봐줘라 진짜 어제오늘뒤질것같음"
2019-03-22 11:43:50,"풀러스 앨빈","사진"
2019-03-22 11:43:51,"풀러스 앨빈","이게나라냐"
2019-03-22 11:43:53,"풀러스 앨빈","이게회사냐"
2019-03-22 11:46:44,"풀러스 리나","파덕 축허해!!!!!!!"
2019-03-22 11:46:48,"풀러스 리나","앨빈 화이팅!!!"
2019-03-22 11:54:06,"유현정","야 엄청 순화시켜서 그냥 보냈다 ㅋㅋㅋㅋ"
2019-03-22 11:54:08,"유현정","힘내 앨빈"
2019-03-22 13:40:22,"풀러스 앨빈","흐어어"
2019-03-22 14:15:44,"유현정","애들이 롤링페이퍼 써주고"
2019-03-22 14:15:48,"유현정","선물도 줬네"
2019-03-22 14:50:09,"유현정","얘드라"
2019-03-22 14:50:12,"유현정","나 포맷해서 심심ㄷ해"
2019-03-22 14:50:13,"유현정","놀아줘"
2019-03-22 14:50:17,"유현정","지금 내가 할게 뭐있겠니"
2019-03-22 15:21:00,"케일","카트염"
2019-03-22 15:30:11,"풀러스 앨빈","야"
2019-03-22 15:33:22,"케일","호"
2019-03-22 15:49:12,"유현정","아놔"
2019-03-22 15:49:14,"유현정","한시간동안 뭐하지"
2019-03-22 15:49:16,"유현정","추천좀"
2019-03-22 15:49:20,"유현정","파이썬 인강듣고 싶다"
2019-03-22 16:43:50,"풀러스 리나","아직 퇴사 안한거야????!"
2019-03-22 16:43:59,"유현정","ㅋㅋㅋㅋㅋㅋㅋㅋㅋ"
2019-03-22 16:44:00,"유현정","야"
2019-03-22 16:44:02,"유현정","나 새 맥북인데"
2019-03-22 16:44:06,"유현정","니 얼굴 뜨면서 알림 울려서"
2019-03-22 16:44:07,"유현정","개깜놀"
2019-03-22 16:44:10,"유현정","리나 혹시 출근했어?"
2019-03-22 16:49:54,"풀러스 리나","놉"
2019-03-22 16:49:56,"풀러스 리나","나 휴가"
2019-03-22 16:50:04,"풀러스 리나","사진"
2019-03-22 16:50:14,"풀러스 리나","사진"
2019-03-22 16:50:19,"유현정","캬"
2019-03-22 16:50:20,"유현정","리나"
2019-03-22 16:50:22,"유현정","분위기 깨서 미안하지만"
2019-03-22 16:50:30,"유현정","나 현대카드 들어가게 해줄수 있어?"
2019-03-22 16:50:33,"유현정","갈데가 없어"
2019-03-22 16:50:35,"유현정","학원가야해"
2019-03-22 16:50:38,"풀러스 리나","ㅋㅋㅋㅋㅋㅋ"
2019-03-22 16:50:40,"유현정","하지만 여기있기 싫어"
2019-03-22 16:50:41,"풀러스 리나","그랭"
2019-03-22 16:50:43,"유현정","히히"
2019-03-22 16:50:45,"유현정","사랑해"
2019-03-22 16:50:58,"유현정","노션 깔았엉"
2019-03-22 16:51:09,"유현정","에버노트로 강의록 정리했는데 ㅈ같아서"
2019-03-22 16:51:18,"유현정","진즉 노션쓸껄 에버노트 import기능 있다"
2019-03-22 16:51:45,"풀러스 리나","예약함ㅋㅋ"
2019-03-22 16:52:01,"풀러스 리나","10층 갈수있게 예약했는데 혹시 안되면 그냥 오층에 있으야할듯"
2019-03-22 16:52:13,"풀러스 리나","노션짱임"
2019-03-22 16:53:17,"유현정","응"
2019-03-22 16:53:29,"유현정","개인으로 하다가 용량차면"
2019-03-22 16:53:32,"유현정","고민해봐야지"
2019-03-22 16:53:38,"유현정","고똥은 에버노크 유료로 쓰는데"
2019-03-22 16:53:42,"유현정","바꾸라고 해야겠어"
2019-03-22 16:57:17,"풀러스 리나","부부는 팀이지"
2019-03-22 17:01:49,"풀러스 앨빈","ㅡㅡ"
2019-03-22 17:01:53,"풀러스 앨빈","스파크플러스는"
2019-03-22 17:01:54,"풀러스 앨빈","왜안오냐"
2019-03-22 17:01:56,"풀러스 앨빈","뒤지고싶냐"
2019-03-22 17:05:54,"유현정","사진"
2019-03-22 17:25:32,"풀러스 리나","ㅋㅋㅋㅋㅋㅋㅋ짤ㅋㅋㅋㅋㅋ"
2019-03-22 17:29:43,"유현정","ㅋㅋㅋㅋㅋㅋㅋㅋ꼭 써보고 싶었는데"
2019-03-22 17:29:45,"유현정","소원을 이룬다"
2019-03-22 17:30:01,"유현정","앞선 퇴사자 2명이 다 5시에 짐싸길래 똑같이 다 마무리하고 5시에 퇴사한느데"
2019-03-22 17:30:19,"유현정","쁘락치1이 왜 지금 가냐고 하길래 다 이렇게 가던걸요 전통이잖아요 하고 나옴"
2019-03-22 19:20:52,"풀러스 리나","굿굿"
2019-03-22 19:21:21,"풀러스 리나","사진"
2019-03-22 19:21:22,"풀러스 리나","사진"
2019-03-22 19:21:22,"풀러스 리나","사진"
2019-03-22 19:21:23,"풀러스 리나","사진"
2019-03-22 19:21:30,"풀러스 리나","여기 대박이야 포시즌스"
2019-03-22 19:21:50,"풀러스 앨빈","이모티콘"
2019-03-22 19:21:59,"풀러스 리나","사진"
2019-03-22 19:24:50,"풀러스 앨빈","이모티콘"
2019-03-22 19:46:31,"풀러스 준","우왕"
2019-03-22 19:46:40,"풀러스 준","저거 얼마야?? 나도 갈래"
2019-03-22 19:46:54,"유현정","준은 못간다"
2019-03-22 19:46:57,"유현정","내가 아는 준은 못가"
2019-03-22 19:47:06,"유현정","저기면 쌀국수가 몇그릇이냐"
2019-03-22 19:59:18,"풀러스 준","ㅋㅋㅋㅋㅋㅋㅋㅋㅋㅋㅋㅋㅋ"
2019-03-22 20:00:50,"풀러스 리나","사진"
2019-03-22 20:00:51,"풀러스 리나","사진"
2019-03-22 20:00:53,"풀러스 리나","사진"
2019-03-22 20:00:54,"풀러스 리나","사진"
2019-03-22 20:01:00,"풀러스 리나","사진"
2019-03-22 20:01:01,"풀러스 리나","사진"
2019-03-22 20:01:07,"풀러스 리나","여기 디저트가 대박이야!!!! 포시즌스호텔"
2019-03-22 20:01:21,"풀러스 리나","인당 11만원인데 돈 안아까움"
2019-03-22 20:04:20,"풀러스 준","점심에 갔다가 저녁에 나오면 안될까?"
2019-03-22 20:04:31,"풀러스 준","두끼 먹는거지"
2019-03-22 20:20:33,"풀러스 앨빈","사진"
2019-03-22 20:20:39,"풀러스 앨빈","난서민적이당"
2019-03-22 20:45:23,"풀러스 리나","사진"
2019-03-22 20:45:28,"풀러스 리나","깜짝케이크두쥼"
2019-03-22 22:13:00,"케일","다들"
2019-03-22 22:13:16,"케일","아름답게 사시네요"
2019-03-22 22:13:27,"케일","부럽 씁니다"
2019-03-22 22:13:33,"케일","닭가슴살!!"
2019-03-23 13:11:21,"풀러스 준","사진"
2019-03-23 13:11:48,"풀러스 준","클룩!"
2019-03-23 13:17:15,"풀러스 앨빈","준또면접인거야"
2019-03-23 13:28:04,"풀러스 준","오늘 토요일이야"
2019-03-23 13:28:27,"풀러스 준","주차하러 감 ㅋㅋㅋㅋ"
2019-03-23 13:35:50,"풀러스 리나","ㅋㅋㅋㅋㅋㅋㅋㅋㅋㅋ"
2019-03-23 13:38:30,"케일","준또면"
2019-03-23 13:40:23,"유현정","쉬봐"
2019-03-23 13:40:27,"유현정","나도 어제 떠난 회사를"
2019-03-23 13:40:29,"유현정","니가 왜가"
2019-03-23 13:40:33,"유현정","큐텐에 면접 보는구나"
2019-03-23 14:02:24,"풀러스 준","풍림산업 가려고"
2019-03-23 14:02:29,"풀러스 준","무슨 큐텐"
2019-03-23 14:02:32,"풀러스 준","그런데 안감ㅋㅋㅋ"
2019-03-23 14:20:26,"유현정","사진"
2019-03-23 14:20:31,"유현정","할머니 생신"
2019-03-23 14:20:39,"유현정","사진"
2019-03-23 14:20:41,"유현정","재능잔치 현장입니다"
2019-03-23 15:07:16,"풀러스 준","ㅋㅋㅋ 파덕스럽게 잘 만들었네 ㅋㅋㅋ"
2019-03-23 15:48:43,"유현정","만죡!"
2019-03-23 16:40:37,"풀러스 리나","너무 잘했다"
2019-03-23 16:41:02,"풀러스 리나","나 내일 시아버지 생일잔치 가는데 순간 나도 의뢰할까 했음ㅋㅋ"
2019-03-23 16:50:29,"유현정","ㅋㅋㅋㅋㅋㅋㅋㅋㅋㅋㅋㅋㅋ"
2019-03-23 16:50:31,"유현정","아냐 리나"
2019-03-23 16:50:38,"유현정","친정아버지 생일잔치하면 내가 해줄게"
2019-03-23 18:36:00,"풀러스 리나","ㅋㅋㅋㅋㅋㅋㅋㅋㅋ"
2019-03-23 22:38:14,"풀러스 앨빈","유저들의 구매데이터를 기반으로 오픈소스 추천알고리즘 만들었는데 개소름돋음"
2019-03-23 22:38:37,"풀러스 앨빈","이걸로캠페인세팅하면 장난아니것다"
2019-03-23 23:01:30,"유현정","재멨는거 하네"
2019-03-23 23:02:50,"풀러스 앨빈","개소름이다 리얼"
2019-03-23 23:02:54,"풀러스 앨빈","마케터입장에서 이런거주면 그냥"
2019-03-23 23:02:59,"풀러스 앨빈","거져주는거"
2019-03-23 23:03:13,"풀러스 앨빈","A사면 B도 산다! 이런거 수백개주는거임"
2019-03-23 23:03:21,"풀러스 앨빈","이런거 하나도안하고있었음"
2019-03-23 23:03:29,"유현정","주면 활용할거 같지"
2019-03-23 23:03:32,"유현정","클룩은 안해"
2019-03-23 23:03:34,"유현정","ㅋㅋㅋㅋㅋㅋ"
2019-03-23 23:04:04,"풀러스 앨빈","ㅋㅋㅋㅋㅋ"
2019-03-23 23:04:50,"풀러스 앨빈","이거 보내는 캠페인 id는 전부 기억해뒀다가 나중에 연봉협상할때 내가 매출기여한거 braze로 얼마인지 숫자로말해야지"
2019-03-23 23:04:59,"풀러스 앨빈","가즈아~~~~"
2019-03-23 23:05:08,"풀러스 앨빈","나도 준처럼 연봉1억찍어보즈아~~~~~"
2019-03-23 23:05:16,"풀러스 앨빈","물론그때쯤이면 준은 2억찍을듯"
2019-03-24 21:48:19,"풀러스 리나","님들 우리집에 낮에 언제올꺼야??)"
2019-03-24 22:46:25,"유현정","리나 수요일에 출근?"
2019-03-25 02:23:03,"풀러스 리나","노노ㅋ 안출근"
2019-03-25 02:31:56,"유현정","너 왜 안자ㅋㅋㅋㅋㅋㅋ"
2019-03-25 02:32:06,"유현정","너네 집 그럼 쳐들어갈게"
2019-03-25 02:32:15,"유현정","일케도 가능?"
2019-03-25 02:32:38,"유현정","거기갔다가 맥스네 가자"
2019-03-25 04:54:21,"풀러스 리나","요즘 불면증 잠이 안와ㅋㅋ 파덕 고운말 이쁜말 쓰렴"
2019-03-25 11:27:53,"풀러스 리나","얘들아 집합 모여봐"
2019-03-25 11:39:06,"풀러스 앨빈","?"
2019-03-25 11:44:08,"풀러스 리나","다들 어디갔노,,,"
2019-03-25 11:45:45,"풀러스 준","?!?!?!?!?"
2019-03-25 11:48:20,"풀러스 기모","이모티콘"
2019-03-25 11:49:18,"케일","롸"
2019-03-25 11:55:32,"유현정","오 다오다니"
2019-03-25 12:09:23,"풀러스 리나","ㅋㅋㅋ굳굳"
2019-03-25 12:13:19,"케일","무슨 일이십니까"
2019-03-25 12:22:15,"풀러스 리나","우리집에 언제올꺼야?"
2019-03-25 12:22:24,"풀러스 리나","내일 올래 케일?? 앨빈도 재택가능?"
2019-03-25 12:47:18,"풀러스 앨빈","나 재택 다음주부터가능.."
2019-03-25 12:50:14,"풀러스 리나","(boohoo)"
2019-03-25 13:02:22,"풀러스 앨빈","사진"
2019-03-25 13:02:24,"풀러스 앨빈","마!!"
2019-03-25 13:02:32,"풀러스 앨빈","나 통보도 안받았는데 전환회의라고 잡혔다!!"
2019-03-25 13:02:35,"풀러스 앨빈","마!!!!"
2019-03-25 13:03:04,"풀러스 앨빈","리나 다음주 금요일 재택어때"
2019-03-25 13:03:33,"풀러스 리나","저게뭐야??ㅋㅋ"
2019-03-25 13:03:48,"풀러스 리나","나 이제부터 풀 재택할꺼야ㅋ 다 상관없어"
2019-03-25 13:06:42,"풀러스 앨빈","회의이름이 안성환전환이얌"
2019-03-25 13:06:46,"풀러스 앨빈","ㅋㅋㅋㅋㅋㅋㅋㅋㅋㅋㅋ"
2019-03-25 13:06:59,"풀러스 앨빈","이러고 fail 하는거 아니겠지"
2019-03-25 13:07:06,"풀러스 앨빈","3개월이야벌썽"
2019-03-25 13:07:43,"풀러스 리나","당연 되겠지ㅋ"
2019-03-25 13:08:18,"풀러스 앨빈","그려어~~~ 리나 수요일에 오는거야? 맥스집?"
2019-03-25 13:08:27,"풀러스 앨빈","파덕 나 준은 감"
2019-03-25 13:08:46,"풀러스 앨빈","아님 수요일 저녁 리나집도좋은데"
2019-03-25 13:09:19,"풀러스 리나","난 못가용"
2019-03-25 13:09:34,"풀러스 리나","앨빈 님들 나 할말있는데 빨리 다 모여봐"
2019-03-25 13:10:07,"풀러스 앨빈","ㄲ"
2019-03-25 13:10:09,"풀러스 앨빈","ㄱㄱㄱㄱㄲ"
2019-03-25 13:10:21,"풀러스 리나","풀러스에서 주쥬총회 오라고 연락옴"
2019-03-25 13:10:34,"풀러스 리나","가야하나??"
2019-03-25 13:11:14,"풀러스 앨빈","ㅋㄱㄱ ㄱㅋ"
2019-03-25 13:11:30,"풀러스 앨빈","가면뭐하려나.."
2019-03-25 13:12:21,"풀러스 리나","위임장줄테니 대신갈래?"
2019-03-25 13:12:34,"풀러스 앨빈","아닝..."
2019-03-25 13:12:52,"풀러스 앨빈","주총뭐하려나"
2019-03-25 13:13:01,"풀러스 앨빈","회사문닫으려나"
2019-03-25 13:17:23,"유현정","리나 이 시간에 부르면 아무도 안와"
2019-03-25 13:20:11,"풀러스 리나","웅 안불러 흥"
2019-03-25 13:24:59,"유현정","ㅋㅋㅋㅋㅋㅋㅋㅋㅋㅋㅋ"
2019-03-25 13:25:00,"유현정","바보들아"
2019-03-25 13:25:01,"유현정","모여라"
2019-03-25 13:27:09,"풀러스 앨빈","화욜에 홍대쪽에서 케이노마푸르다리 보고
수욜에 맥스집에서 맥스앨빈준파덕 이렇게임?"
2019-03-25 13:27:32,"풀러스 앨빈","아 근데 꼬창 오토바이 영 아닌것같은데 그.. 도로가.."
2019-03-25 13:28:26,"케일","저는 수요일에 맥스네 못가요"
2019-03-25 13:28:53,"풀러스 앨빈","흥"
2019-03-25 13:29:05,"유현정","그럼 바꿔"
2019-03-25 13:29:11,"유현정","안전이 젤 중요"
2019-03-25 13:34:53,"풀러스 준","섬쪽은 다 그런편이야"
2019-03-25 13:37:41,"유현정","그러고 보니 예전에"
2019-03-25 13:37:48,"유현정","고똥이랑도 태국갔을때 섬에 갔는데"
2019-03-25 13:37:55,"유현정","스쿠터 타려다가 한국인 식당 아줌마가"
2019-03-25 13:37:59,"유현정","얼마전에 누가 타다가 죽었다고"
2019-03-25 13:38:06,"유현정","타지 말라 이런식으로 말해서 안탔었거든"
2019-03-25 14:21:41,"풀러스 리나","헐,,,"
2019-03-25 14:41:08,"유현정","안전이 최고야"
2019-03-25 14:41:23,"유현정","근데 저걸 보니까 주마등처럼 스쳐가는"
2019-03-25 14:41:24,"풀러스 앨빈","이모티콘"
2019-03-25 14:41:28,"유현정","우리가 스쿠터를 탔던 기억들"
2019-03-25 14:41:32,"풀러스 앨빈","이모티콘"
2019-03-25 14:41:38,"유현정","나 사파에서 미끄러지면서 날려보내고"
2019-03-25 14:41:44,"유현정","우리 무슨 나무 다리도 건너고"
2019-03-25 14:42:37,"유현정","나 지금 카페에서 고똥이랑 있는데.."
2019-03-25 14:42:41,"유현정","고똥도... 공부할떄"
2019-03-25 14:42:45,"유현정","책상 오래 치우는 타입이네"
2019-03-25 14:42:51,"유현정",":)"
2019-03-25 14:42:53,"유현정","앨빈한테 전하래"
2019-03-25 14:43:04,"유현정","고똥이형이 vim 개발환경 세팅 중이라고 전하래"
2019-03-25 14:44:09,"풀러스 앨빈",":q!"
2019-03-25 14:45:22,"풀러스 앨빈","난 config 수정때말고는 vim써본적이 없어서.. 나는 주피터랑 atom이얌"
2019-03-25 14:46:04,"유현정","저걸 알려주면 좋아할꺼라는데"
2019-03-25 14:46:15,"유현정","sudo rm - rf /"
2019-03-25 14:46:21,"유현정","-_-? 뭔소리람"
2019-03-25 14:46:36,"풀러스 앨빈","ㅋㅋㅋㅋㅋㅋㅋ"
2019-03-25 14:47:04,"풀러스 앨빈","sudo는 윈도우로 치면 사용자권한 같은거고"
2019-03-25 14:47:08,"풀러스 앨빈","rm은 지운다"
2019-03-25 14:47:20,"유현정","내 남편 아니랄까봐"
2019-03-25 14:47:22,"유현정","쓰레기네 ㅉㅉ"
2019-03-25 14:47:36,"풀러스 앨빈","rf는 지정위치 모든 삭제"
2019-03-25 14:47:41,"풀러스 앨빈","/는 루트 디렉토리"
2019-03-25 14:47:44,"풀러스 앨빈","즉"
2019-03-25 14:47:49,"풀러스 앨빈","난 퇴사할것이다 명령어인듯"
2019-03-25 14:48:48,"풀러스 앨빈","나중에 너 맥에 한번해줘"
2019-03-25 14:48:52,"풀러스 앨빈","컴퓨터빨라짐"
2019-03-25 14:55:26,"유현정","새거라서 날아갈 것도 별로 없음"
2019-03-25 14:55:31,"유현정","뉴 맥북에어 개좋음"
2019-03-25 14:55:33,"풀러스 리나","앨빈 한가한가보다"
2019-03-25 14:55:36,"유현정","그러니까"
2019-03-25 14:55:37,"유현정","퇴사해"
2019-03-25 14:55:40,"유현정","루팡"
2019-03-25 14:55:43,"풀러스 리나","아 나 지금 외국인 인터뷰 준비중이야 ㅜㅜ"
2019-03-25 14:55:47,"유현정","오마나"
2019-03-25 14:55:52,"유현정","누가 들어온데"
2019-03-25 14:55:55,"풀러스 리나","여긴 팀원들이 다 면접을 보는데"
2019-03-25 14:56:06,"풀러스 리나","내가 면접관으로 들어가는데 영어로 질문해야하니까 너무 부담"
2019-03-25 14:56:16,"유현정","넌 그냥 일상회회해"
2019-03-25 14:56:19,"유현정","꼰대처럼"
2019-03-25 14:56:20,"유현정","자기소개 해봐라"
2019-03-25 14:56:23,"유현정","3분준다"
2019-03-25 14:56:24,"유현정","시작"
2019-03-25 14:56:25,"풀러스 리나","ㅋㅋㅋㅋㅋㅋㅋㅋㅋㅋ"
2019-03-25 14:56:34,"유현정","그리고 초시계 띄워둬"
2019-03-25 14:56:47,"풀러스 리나","이것때문에 회사 갔어하는데 그냥 화상으로 참여하려고"
2019-03-25 14:56:55,"풀러스 리나","없는 척 해야지"
2019-03-25 14:56:59,"유현정","ㅋㅋㅋㅋㅋㅋㅋㅋㅋㅋㅋㅋㅋㅋㅋㅋ"
2019-03-25 14:57:05,"유현정","정말 신기한 회사야..."
2019-03-25 14:57:07,"유현정","봐도봐도.."
2019-03-25 14:57:09,"유현정","근데 외국애가"
2019-03-25 14:57:12,"풀러스 리나","ㅋㅋㅋㅋㅋㅋㅋㅋㅋㅋㅋㅋ"
2019-03-25 14:57:14,"유현정","면접보고 싶어하면 가능?"
2019-03-25 14:57:22,"풀러스 리나","무슨말임?ㅋㅋ"
2019-03-25 14:57:39,"유현정","외국거주자가"
2019-03-25 14:57:42,"풀러스 리나","아 외국인이 면접봐도 되냐고? 웅웅"
2019-03-25 14:57:44,"유현정","프로토파이 지원해서 고용?"
2019-03-25 14:57:45,"유현정","가능?"
2019-03-25 14:57:46,"풀러스 리나","비자 스폰 다 해줘"
2019-03-25 14:57:49,"풀러스 리나","뽑히면"
2019-03-25 14:57:55,"유현정","아니 계속 외국에 있고"
2019-03-25 14:57:58,"풀러스 리나","응ㅋㅋ"
2019-03-25 14:57:58,"유현정","계속 재택한다고 하면"
2019-03-25 14:57:59,"유현정","와우"
2019-03-25 14:58:01,"유현정","개좋아 진짜"
2019-03-25 14:58:03,"유현정","퇴사하지마"
2019-03-25 14:58:05,"유현정","이사가 되거라"
2019-03-25 14:58:07,"풀러스 리나","근데 처음엔 한국에 있는 사람을 원하지!"
2019-03-25 14:58:11,"풀러스 리나","한국에 있을 수 있는 사람"
2019-03-25 14:58:23,"유현정","스터디 파이도 개좋은데"
2019-03-25 14:58:29,"풀러스 리나","오늘 보는 사람은 러시아사람이랑 프랑스 사람임"
2019-03-25 14:58:29,"유현정","너무 매혹적인데"
2019-03-25 14:58:32,"유현정","안돼안돼"
2019-03-25 14:58:33,"유현정","헐..."
2019-03-25 14:58:36,"유현정","개발자야?"
2019-03-25 14:58:41,"풀러스 리나","아니 CS서포터즈"
2019-03-25 14:58:43,"풀러스 리나","같은?ㅋㅋ"
2019-03-25 14:58:46,"풀러스 리나","카라 역활"
2019-03-25 14:58:47,"유현정","오잉"
2019-03-25 14:58:51,"유현정","아하"
2019-03-25 14:58:56,"유현정","내일 오랜만에  카라 만난다"
2019-03-25 14:59:00,"유현정","카라만나서 점심먹기로 했어"
2019-03-25 14:59:03,"유현정","노마랑"
2019-03-25 14:59:05,"풀러스 리나","오와 진짜?? 좋겠따 너 울집 온다며"
2019-03-25 14:59:11,"풀러스 리나","등촌칼국수 먹자며 내일!"
2019-03-25 14:59:13,"유현정","너네 집은"
2019-03-25 14:59:14,"유현정","헐"
2019-03-25 14:59:16,"유현정","모레"
2019-03-25 14:59:17,"유현정","수요일"
2019-03-25 14:59:21,"풀러스 리나","뭐임"
2019-03-25 14:59:22,"유현정","아까 졸려서 헛소리 했나봐"
2019-03-25 14:59:23,"유현정","쏘리"
2019-03-25 14:59:35,"유현정","근데 내일 점심~저녁은"
2019-03-25 14:59:37,"유현정","일케랑 노는거라서"
2019-03-25 14:59:39,"풀러스 리나","파덕 풀러스 주주총회 다내신 다녀올래?"
2019-03-25 14:59:41,"유현정","너네 집 가도 되겠다"
2019-03-25 14:59:42,"유현정","아니"
2019-03-25 14:59:47,"유현정","어 그런데"
2019-03-25 14:59:48,"풀러스 리나","가면 베베도 있을거고"
2019-03-25 14:59:48,"유현정","궁금하다"
2019-03-25 14:59:50,"유현정","ㅋㅋㅋㅋㅋㅋㅋㅋㅋㅋㅋ"
2019-03-25 14:59:53,"유현정","ㅋㅋㅋㅋ대머리 ㅋㅋㅋㅋㅋㅋㅋ"
2019-03-25 14:59:55,"유현정","빡빡이"
2019-03-25 14:59:58,"유현정","야 근데 그게 상식적으로"
2019-03-25 14:59:59,"풀러스 리나","보니도 있겠다"
2019-03-25 15:00:00,"유현정","누가가"
2019-03-25 15:00:03,"풀러스 리나","촉도 있을수도"
2019-03-25 15:00:08,"유현정","일반 레벨에서"
2019-03-25 15:00:10,"유현정","누가 오려나"
2019-03-25 15:00:11,"풀러스 리나","기모 갈껄?"
2019-03-25 15:00:13,"유현정","보니는 갈듯"
2019-03-25 15:00:15,"유현정","기모 간다고?"
2019-03-25 15:00:16,"풀러스 리나","그리고 웃긴게 목요일 2시에 한데"
2019-03-25 15:00:19,"유현정","그러니까"
2019-03-25 15:00:24,"유현정","다들 직장인인데"
2019-03-25 15:00:24,"풀러스 리나","오지 말라는거지…참나"
2019-03-25 15:00:28,"유현정","그걸 위해 휴가가 너무 웃김"
2019-03-25 15:00:30,"유현정","ㅋㅋㅋㅋㅋㅋㅋㅋㅋㅋㅋ"
2019-03-25 15:00:32,"유현정","세상쓸모없는 휴가"
2019-03-25 15:00:39,"유현정","근데 보니나 촉 등등은 주식이 많아서 갈듯"
2019-03-25 15:00:42,"유현정","난 치킨 주식이여서"
2019-03-25 15:00:43,"풀러스 리나","ㅋㅋㅋㅋㅋ 가야 내가 깽판칠텐데"
2019-03-25 15:00:49,"유현정","스트레스 풀러 갈래?"
2019-03-25 15:00:51,"유현정","그럼 같이 가자"
2019-03-25 15:01:03,"유현정","진짜 궁금하긴 한데"
2019-03-25 15:01:04,"풀러스 리나","아니야 내 위임장을 들고 파덕이 가야해 둘다 못가ㅋㅋ"
2019-03-25 15:01:07,"유현정","쳇"
2019-03-25 15:01:12,"유현정","그럼 듣기만 해야지"
2019-03-25 15:01:31,"풀러스 리나","기모 간다고 하면 파덕이 나 대신 다녀와줄래?ㅋㅋㅋㅋ"
2019-03-25 15:01:44,"유현정","그럴까 그건 매력적이네"
2019-03-25 15:01:47,"유현정","야 나 백순데 왤케 바빠"
2019-03-25 15:01:51,"유현정","월화수목 약속이야"
2019-03-25 15:01:58,"풀러스 리나","원래 백수가 바쁘자낭"
2019-03-25 15:02:05,"유현정","그건 그래"
2019-03-25 15:02:10,"유현정","근데 백수는 백수 친구가 있어야 하는데"
2019-03-25 15:02:14,"유현정","너가 있어서 다행이야"
2019-03-25 15:02:27,"풀러스 리나","뭐야"
2019-03-25 15:02:33,"풀러스 리나","ㅋㅋㅋㅋㅋ 나도 이제"
2019-03-25 15:02:39,"풀러스 리나","쉬면서 일할꺼"
2019-03-25 15:03:16,"유현정","쉬엄쉬엄하셔"
2019-03-25 15:03:18,"유현정","여기 멤버들은"
2019-03-25 15:03:23,"유현정","6명 동시간에 만나는거 글렀어ㅏ"
2019-03-25 15:03:32,"유현정","한명씩 컨택해"
2019-03-25 15:03:39,"풀러스 리나","ㅋㅋㅋㅋㅋㅋ기모컨텍완료"
2019-03-25 15:03:42,"풀러스 리나","너무 사랑스러워 기모"
2019-03-25 15:03:44,"유현정","히히"
2019-03-25 15:03:53,"풀러스 리나","걸걸한 목소리로"
2019-03-25 15:03:59,"유현정","리나......"
2019-03-25 15:04:02,"유현정","으어ㅓㅓㅓㅓ"
2019-03-25 15:04:07,"풀러스 리나","ㅋㅋㅋㅋㅋㅋㅋㅋㅋㅋㅋ"
2019-03-25 15:04:09,"풀러스 리나","왜"
2019-03-25 15:04:11,"유현정","다음은 준"
2019-03-25 15:04:15,"유현정","준 해봐"
2019-03-25 15:04:17,"풀러스 리나","아 면접 들어가기싫다 좀 더 수다떨고싶어"
2019-03-25 15:04:25,"풀러스 리나","ㅋㅋㅋㅋㅋㅋㅋㅋㅋㅋㅋ준 반응은 다같이 들어야 웃길텐데"
2019-03-25 15:04:40,"풀러스 리나","이따가 단체로 화상통화?"
2019-03-25 15:04:44,"유현정","단체 화상 가능?"
2019-03-25 15:04:47,"유현정","아 아이폰은 된다"
2019-03-25 15:04:58,"유현정","앨빈 케일 나가리네"
2019-03-25 15:04:59,"유현정","ㅂㅇ"
2019-03-25 15:05:04,"케일","롸"
2019-03-25 15:05:08,"유현정","야"
2019-03-25 15:05:09,"유현정","잘왔다"
2019-03-25 15:05:11,"풀러스 리나","ㅋㅋㅋㅋㅋㅋㅋㅋ 아이폰으로 바꿔"
2019-03-25 15:05:12,"유현정","내일 리나네서 놀자"
2019-03-25 15:05:23,"케일","파덕"
2019-03-25 15:05:27,"케일","학원가ㅣ 마세요"
2019-03-25 15:05:30,"유현정","응"
2019-03-25 15:05:33,"유현정","ㅋㅋㅋㅋㅋㅋㅋㅋㅋㅋㅋㅋㅋㅋㅋㅋㅋㅋㅋㅋㅋ"
2019-03-25 15:05:34,"케일","어차피 실전으로 하면 늘텐데"
2019-03-25 15:05:36,"유현정","듣던중 반가운 소리구나"
2019-03-25 15:05:37,"유현정","^^"
2019-03-25 15:05:39,"유현정","^.^"
2019-03-25 15:05:40,"케일","가서 뭐합니까"
2019-03-25 15:05:43,"유현정","야"
2019-03-25 15:05:44,"풀러스 리나","ㅋㅋㅋㅋㅋㅋㅋㅋ"
2019-03-25 15:05:46,"유현정","안그래도 내가 어제"
2019-03-25 15:05:48,"유현정","야 니네"
2019-03-25 15:05:51,"유현정","스터디 카ㅏ페라고 알아?"
2019-03-25 15:05:55,"유현정","요즘은 독서실 대신에"
2019-03-25 15:06:03,"풀러스 리나","그거 뜬지 한참 되지 않음"
2019-03-25 15:06:03,"유현정","엄청 이쁘고 칸막이 살짝있는 카페처럼 하고"
2019-03-25 15:06:04,"풀러스 리나","?"
2019-03-25 15:06:11,"유현정","막 시간단위로 책상 사는건데 ㅇㅇ"
2019-03-25 15:06:12,"케일","저런"
2019-03-25 15:06:15,"유현정","어제 고똥 따라갔거든"
2019-03-25 15:06:18,"유현정","...."
2019-03-25 15:06:22,"유현정","2시간만 했어 내가"
2019-03-25 15:06:27,"유현정","그리고 15분만에 딴짓함"
2019-03-25 15:06:29,"유현정","겁나 후회했다"
2019-03-25 15:06:37,"유현정","불어공부하려고 간건데"
2019-03-25 15:06:38,"케일","ㅋㅋㅋㅋㅋㅋㅋㅋ"
2019-03-25 15:06:41,"풀러스 리나","고똥은 참 공부하는거 좋아해"
2019-03-25 15:06:44,"유현정","야 지금도"
2019-03-25 15:06:46,"유현정","둘이 카페야..."
2019-03-25 15:06:49,"풀러스 리나","파덕네 아가는 공부잘할꺼야 아마"
2019-03-25 15:06:52,"유현정","쟤 미친거 같아..."
2019-03-25 15:06:58,"유현정","아니 인간이"
2019-03-25 15:06:59,"케일","세상에"
2019-03-25 15:07:01,"유현정","뭐랄까"
2019-03-25 15:07:07,"유현정","진짜 공부만해"
2019-03-25 15:07:09,"케일","공부가 좋다는 분은 처음 봐요"
2019-03-25 15:07:11,"유현정","응"
2019-03-25 15:07:12,"유현정","나도야"
2019-03-25 15:07:18,"유현정","내 다른 석사친구가 고똥 얘기 듣더니"
2019-03-25 15:07:21,"유현정","연구실 마다"
2019-03-25 15:07:27,"유현정","저런 캐릭터가 한명씩 있대"
2019-03-25 15:07:31,"유현정","체질이 공부인 사람"
2019-03-25 15:07:33,"케일","ㅋㅋㅋㅋ"
2019-03-25 15:07:34,"유현정","내 남편일 줄이야"
2019-03-25 15:07:37,"유현정","결혼잘못한듯"
2019-03-25 15:07:41,"풀러스 리나","같이 놀면 재밌엉/???"
2019-03-25 15:07:42,"풀러스 리나","ㅋㅋㅋㅋㅋ"
2019-03-25 15:07:44,"유현정","아니"
2019-03-25 15:07:46,"유현정","그래서 여기 오면서도"
2019-03-25 15:07:48,"유현정","겁내 짜증냄"
2019-03-25 15:07:48,"케일","파덕 2세는 천재일거에요"
2019-03-25 15:07:51,"유현정","나도 데이트하고 싶다고!!"
2019-03-25 15:07:56,"유현정","궁금하지 않냐"
2019-03-25 15:07:57,"유현정","과연"
2019-03-25 15:08:03,"풀러스 리나","마쟈!! 파덕 얼른 주니어 나라"
2019-03-25 15:08:04,"유현정","공부를 좋아할까 노는걸 좋아할까"
2019-03-25 15:08:07,"케일","엄마 나 공부해야되거든? 방해하지마"
2019-03-25 15:08:09,"케일","이럴듯"
2019-03-25 15:08:10,"풀러스 리나","근데 파덕 유전자가 좀 더 쎌듯"
2019-03-25 15:08:11,"유현정","파덕주니어는 3년은 더걸려"
2019-03-25 15:08:24,"유현정","근데 고똥은 공부가 재밌대"
2019-03-25 15:08:29,"케일","첫째는 고똥님 닮고 둘째는 파덕 닮을거 같아요"
2019-03-25 15:08:29,"유현정","나도 캠페인 기획할떄 재밌어"
2019-03-25 15:08:31,"유현정","그런 느낌일까"
2019-03-25 15:08:58,"풀러스 리나","자 이시점에,…..ㅎㅎㅎㅎㅎ 케일아 앨빈아 준아"
2019-03-25 15:09:05,"유현정","안와 쟤네"
2019-03-25 15:09:13,"유현정","기지배들이 바쁜척하고"
2019-03-25 15:09:16,"풀러스 리나","ㅋㅋㅋㅋㅋㅋㅋㅋ맞아"
2019-03-25 15:09:22,"풀러스 리나","기지배들이말이야"
2019-03-25 15:09:41,"풀러스 리나","오늘 면접보기로 한 사람 외국에서 왔는데 우리가 아무도 회사에 안갔어..."
2019-03-25 15:09:47,"풀러스 리나","죄책감든다"
2019-03-25 15:09:50,"케일","저런"
2019-03-25 15:09:51,"유현정","앜ㅋㅋㅋㅋㅋㅋㅋㅋㅋㅋㅋㅋㅋㅋㅋㅋㅋㅋㅋㅋㅋㅋㅋㅋㅋㅋㅋㅋㅋㅋㅋㅋㅋㅋ"
2019-03-25 15:09:54,"케일","ㅋㅋㅋㅋㄱㅋㅋㅋㅋㅋ"
2019-03-25 15:09:57,"유현정","얼마나 당혹스러울까"
2019-03-25 15:10:00,"유현정","외국인이 갔는데"
2019-03-25 15:10:03,"풀러스 리나","ㅜㅜㅜㅜㅜㅜ"
2019-03-25 15:10:04,"유현정","한국인들이출근을안함"
2019-03-25 15:10:12,"풀러스 리나","그니까 ㅜㅜ"
2019-03-25 15:10:21,"풀러스 리나","이따가는 파리에서도 온다는데"
2019-03-25 15:11:10,"유현정","자 이제"
2019-03-25 15:11:12,"유현정","고고"
2019-03-25 15:11:22,"케일","그러믄 내일 한 4~5시쯤 리나집에서 봐요?"
2019-03-25 15:11:32,"풀러스 리나","그래ㅋㅋㅋ"
2019-03-25 15:11:36,"풀러스 리나","케일아"
2019-03-25 15:11:40,"케일","넹"
2019-03-25 15:11:43,"케일","누님"
2019-03-25 15:11:45,"풀러스 리나","ㅋㅋㅋㅋㅋㅋㅋㅋㅋㅋ"
2019-03-25 15:11:50,"케일","무슨 일이십니까요"
2019-03-25 15:11:53,"풀러스 리나","이제 어머님으로 불러줘(하트뿅)"
2019-03-25 15:12:04,"케일","왜죠"
2019-03-25 15:12:05,"풀러스 리나","내 주니어가 탄생했어(잘난척)"
2019-03-25 15:12:12,"케일","???"
2019-03-25 15:12:15,"풀러스 리나","(촛불)"
2019-03-25 15:12:28,"케일","???"
2019-03-25 15:12:48,"케일","무슨 주니어요?"
2019-03-25 15:12:55,"풀러스 리나","리나주니어"
2019-03-25 15:13:23,"케일","임신...?"
2019-03-25 15:13:28,"풀러스 리나","ㅋㅋㅋㅋㅋ 곧 엄마가 된단다"
2019-03-25 15:13:33,"풀러스 리나","너무 멋지지????"
2019-03-25 15:13:52,"케일","진짜 임신했어요 리나??"
2019-03-25 15:13:54,"풀러스 리나","내일 와서 나 몸조리좀 시켜주렴"
2019-03-25 15:14:03,"풀러스 리나","ㅋㅋㅋㅋㅋㅋㅋㅋㅋㅋㅋㅋ응ㅋㅋ 남편과 10년 되는 그날 애기가 찾아왔어"
2019-03-25 15:14:04,"유현정","ㅋㅋㅋㅋㅋㅋㅋㅋㅋㅋㅋㅋㅋㅋㅋㅋㅋ"
2019-03-25 15:14:05,"풀러스 리나","너무 신기해"
2019-03-25 15:14:07,"케일","헐헐헐 완전 축하해요 리나"
2019-03-25 15:14:08,"유현정","케일ㅋㅋㅋㅋㅋㅋㅋㅋㅋㅋㅋㅋㅋㅋ"
2019-03-25 15:14:15,"유현정","5단락동안 이해못함"
2019-03-25 15:14:21,"풀러스 리나","ㅋㅋㅋㅋㅋㅋ그니깤ㅋㅋㅋㅋㅋㅋ아직 어려서 그런가봐"
2019-03-25 15:14:33,"케일","아니 탄생했다길래 뭐가 나왔나... 이러고"
2019-03-25 15:14:46,"유현정","난 듣자마자 알았음"
2019-03-25 15:14:47,"케일","완전 축하해요 리나니ㅐ니딛ㄱㄷㅂ"
2019-03-25 15:14:50,"케일","대박"
2019-03-25 15:14:53,"유현정","끄ㅣ헤헤헤헤헥!!!"
2019-03-25 15:14:56,"유현정","이정도는 해줘야지"
2019-03-25 15:14:57,"유현정","막내야"
2019-03-25 15:14:59,"풀러스 리나","언제 말할까 하다갘ㅋㅋㅋㅋㅋㅋㅋㅋ 곧 회사사람들한테 말해야하는데 그전에 말하고싶어서"
2019-03-25 15:15:11,"케일","지금 지하철이라 내적 기쁨중입니다"
2019-03-25 15:15:12,"풀러스 리나","지금 반응없는 지지배들은 이따가"
2019-03-25 15:15:15,"케일","극ㄷㅂㄷㅂㄱㄷㄱㄷㄱㄷㅂㄷ"
2019-03-25 15:15:16,"풀러스 리나","연락하도록"
2019-03-25 15:15:18,"케일","대박 어뜨케"
2019-03-25 15:15:21,"유현정","이모티콘"
2019-03-25 15:15:21,"케일","10년째어"
2019-03-25 15:15:22,"풀러스 리나","ㅋㅋㅋㅋㅋㅋㅋㅋㅋㅋㅋㅋㅋㅋㅋㅋㅋㅋㅋㅋㅋㅋㅋㅋ"
2019-03-25 15:15:23,"케일","에"
2019-03-25 15:15:54,"풀러스 리나","ㅋㅋㅋㅋㅋㅋㅋㅋㅋㅋㅋㅋ헤헤"
2019-03-25 15:16:01,"케일","어머님 제가 내일 맛난거 사가겧습니다"
2019-03-25 15:16:11,"풀러스 리나","이모티콘"
2019-03-25 15:16:31,"케일","리나 그래서 재택하는구나아"
2019-03-25 15:16:36,"풀러스 리나","구역질을 하기 시작해서 좀 예민하긴 하지만 내일 맛있는거 먹자ㅋㅋㅋ"
2019-03-25 15:16:53,"케일","그라믄 몇주된거에요?"
2019-03-25 15:17:13,"풀러스 리나","6주!!"
2019-03-25 15:17:21,"케일","세포덩어리겠네 흡 2020년생이라니"
2019-03-25 15:17:23,"풀러스 리나","올 11월에 아기가 나온데ㅋㅋㅋㅋㅋㅋㅋㅋㅋㅋ"
2019-03-25 15:17:26,"풀러스 리나","그게 더 충격"
2019-03-25 15:17:30,"케일","2019년생.."
2019-03-25 15:17:41,"케일","와우"
2019-03-25 15:17:52,"풀러스 리나","ㅋㅋㅋㅋㅋㅋㅋ하 갑자깈ㅋㅋㅋ너무 갑자기"
2019-03-25 15:17:58,"풀러스 리나","면접 왜케 시작 안하냐 근데"
2019-03-25 15:18:03,"풀러스 리나","좀더 대화에 집중하고싶은데"
2019-03-25 15:18:03,"케일","리나 짱 축하드려욥ㄱㄷㄱㄷ긔ㅡㅂㄷㄱ디"
2019-03-25 15:18:46,"풀러스 리나","ㅋㅋㅋㅋㅋ히히히히 담주에 병원한번 더 가고 단체방에 알릴테니까 그 전까진 여기 사람들만 알고있어!!!!"
2019-03-25 15:18:59,"풀러스 리나","아직 초기라서 조심해야해 엄청"
2019-03-25 15:19:31,"유현정","맞아 그래서 이제"
2019-03-25 15:19:34,"유현정","세상에나"
2019-03-25 15:19:39,"유현정","발레를 안한대"
2019-03-25 15:19:39,"유현정","두둥"
2019-03-25 15:20:03,"케일","리나 다음 달에 여행가는건 괜찮아요?"
2019-03-25 15:21:04,"풀러스 리나","ㅋㅋㅋㅋㅋㅋㅋㅋ모르겠어 의사선생님 먼저 만나보고"
2019-03-25 15:21:13,"풀러스 리나","그떄되면 11주라서 12주부터는 안정기라는데"
2019-03-25 15:21:48,"풀러스 리나","못가게 될 확률이 더 높지ㅜㅜㅜ 그래서 앨빈한테 빨리 이 사실을 말해줘야하는데"
2019-03-25 15:21:55,"풀러스 리나","저놈자식은 왜 없는거야 이시점엨ㅋㅋ"
2019-03-25 15:29:06,"풀러스 기모","리나 진짜 완전완전 너무너무너무우우우 축하해요ㅋㅋㅋㅋㅋㅋ 완전 기대되요!!!!!! 리나쥬니어!!! 리쥬"
2019-03-25 15:29:47,"풀러스 기모","아까도 너무 흥분해가지고 그나마 나오던 목도 다 갔어요ㅋㅋㅋ"
2019-03-25 15:31:46,"유현정","히히 기모다!!!!"
2019-03-25 15:31:57,"유현정","꽹과리를 들고 기모가 왔다"
2019-03-25 15:33:34,"풀러스 리나","ㅋㅋㅋㅋㅋㅋㅋㅋㅋㅋㅋㅋㅋㅋㅋㅋㅋㅋㅋㅋㅋㅋㅋㅋㅋㅋㅋ"
2019-03-25 15:33:58,"풀러스 리나","마자 아까 기모가 걸걸한 목소리로 축하해주다가 결국 목이 안나오는걸 들었쭄ㅋ 감사해요"
2019-03-25 15:34:21,"유현정","어쩜..."
2019-03-25 15:34:24,"유현정","목이 나갈떄까지"
2019-03-25 15:34:29,"유현정","기모 이렇게 된 이상"
2019-03-25 15:34:34,"유현정","리나네 애기가 제일 먼저고"
2019-03-25 15:34:41,"유현정","우리 둘이 나란히 낳으면 되요"
2019-03-25 15:34:45,"풀러스 리나","다들 다른 사람들한텐 아직 쉿이야!! 내일 파덕이랑 앨빈 다른 사람들 만나서 말하면 안되 내가 말할꺼야"
2019-03-25 15:34:51,"유현정","알았어 ㅋㅋㅋㅋㅋㅋㅋㅋㅋㅋ"
2019-03-25 15:35:02,"풀러스 리나","불안ㅋㅋㅋㅋ못믿겠어"
2019-03-25 15:35:04,"풀러스 리나","내가 기모면 믿는데"
2019-03-25 15:35:14,"풀러스 리나","파덕은 못믿겠음ㅋㅋㅋㅋㅋ"
2019-03-25 15:36:11,"유현정","아냐 아냐"
2019-03-25 15:36:15,"유현정","믿어봐 믿어봐"
2019-03-25 15:36:16,"유현정","겔겔겔"
2019-03-25 15:36:36,"풀러스 리나","ㅋㅋㅋ근데 진짜 처음 느껴보는 행복감이야"
2019-03-25 15:36:45,"케일","내일 애기 이름 지어주기 해요"
2019-03-25 15:36:48,"케일","ㅋㅋㄱㅋㅋㅋㅋ"
2019-03-25 15:37:02,"풀러스 리나","ㅋㅋㅋㅋ애기 태명은 '애니'라고 지었어"
2019-03-25 15:37:12,"풀러스 리나","10주년 애니벌서리에 나타난 애기라섴ㅋㅋ"
2019-03-25 15:38:20,"유현정","약해"
2019-03-25 15:38:23,"유현정","느낌이 없어"
2019-03-25 15:38:28,"유현정","그런 의미로 느낌이 어때"
2019-03-25 15:38:32,"유현정","강느낌"
2019-03-25 15:38:37,"유현정","아님 픨링"
2019-03-25 15:38:40,"유현정","강픨링"
2019-03-25 15:39:30,"풀러스 기모","ㅋㅋㅋㅋㅋㅋㅋㅋㅋ"
2019-03-25 15:39:37,"풀러스 기모","ㅋㅋㅋㅋㅋㅋㅋㅋㅋㅋㅋㅋㅋㅋ"
2019-03-25 15:39:41,"풀러스 기모","실제 이름을??"
2019-03-25 15:39:47,"유현정","아 그럼"
2019-03-25 15:39:47,"풀러스 기모","강필링??"
2019-03-25 15:39:52,"유현정","태명을 픨링이"
2019-03-25 15:39:54,"유현정","필링이 아니에요"
2019-03-25 15:39:55,"유현정","픨링"
2019-03-25 15:39:59,"유현정","태어나면 느낌이"
2019-03-25 15:40:09,"유현정","맨날 리나가 느낌이 없어! 를 외쳤으니"
2019-03-25 15:40:13,"유현정","이제 영원히 느낌이 있는거죠"
2019-03-25 15:40:13,"유현정","캬"
2019-03-25 15:40:15,"유현정","ㅋ ㅑ 오졌다"
2019-03-25 15:40:32,"풀러스 기모","ㅋㅋㅋㅋㅋㅋㅋㅋㅋㅋㅋㅋ"
2019-03-25 15:40:47,"풀러스 기모","태명은 된소리나는 걸로 한다고 하더라고요~"
2019-03-25 15:40:52,"풀러스 기모","아가가 잘 들을 수 있게"
2019-03-25 15:40:53,"유현정","된소리?"
2019-03-25 15:40:54,"유현정","아하"
2019-03-25 15:40:59,"유현정","픨링이!!!"
2019-03-25 15:41:13,"유현정","아님"
2019-03-25 15:41:18,"유현정","리나가 워낙 기모를 좋아하니까"
2019-03-25 15:41:21,"유현정","된소리를 붙여서"
2019-03-25 15:41:26,"유현정","끼모 어때요"
2019-03-25 15:41:29,"유현정","끼모야~~"
2019-03-25 15:41:36,"풀러스 기모","ㅋㅋㅋㅋㅋㅋㅋㅋㅋㅋㅋㅋㅋㅋ"
2019-03-25 15:41:47,"유현정","만족"
2019-03-25 15:41:48,"풀러스 기모","우리 아가한테 좋은것만 줘요!!!"
2019-03-25 15:41:52,"풀러스 기모","끼모은 안좋아"
2019-03-25 15:41:53,"유현정","? 기모면 됐지"
2019-03-25 15:41:54,"케일","삘링이"
2019-03-25 15:41:57,"풀러스 기모","땡!!!ㅋㅋㅋ"
2019-03-25 15:42:01,"풀러스 기모","삘링이"
2019-03-25 15:42:04,"유현정","쁼링이"
2019-03-25 15:42:09,"풀러스 기모","ㅋㅋㅋㅋㅋㅋ"
2019-03-25 15:42:12,"유현정","리나 빨리와"
2019-03-25 15:42:13,"케일","쁼리리쁼링"
2019-03-25 15:42:14,"유현정","정했어"
2019-03-25 15:42:14,"풀러스 기모","쁼링이"
2019-03-25 15:42:18,"유현정","쁼링이 귀엽다"
2019-03-25 15:42:23,"풀러스 기모","쁼링"
2019-03-25 15:42:25,"유현정","근데 병원에서 좀 창피할수도..."
2019-03-25 15:42:29,"유현정","애기 태명이 뭐에요~?"
2019-03-25 15:42:36,"유현정","이러면 보통 둥둥이 동동이 이럴텐데"
2019-03-25 15:42:41,"풀러스 기모","삉링이 어머님"
2019-03-25 15:42:41,"케일","ㅋㅋㅋㅋㅋㅋㅋ"
2019-03-25 15:42:42,"유현정","쁼링이에요"
2019-03-25 15:42:51,"유현정","삘 아니에요 필 아니에요 쁼링"
2019-03-25 15:49:55,"풀러스 앨빈","내가 4시부터 주간회의라"
2019-03-25 15:50:02,"풀러스 앨빈","일단 축하하고 우리 파티는 언제할지"
2019-03-25 15:50:05,"풀러스 앨빈","7시 이후에 정해보자"
2019-03-25 15:52:08,"유현정","일단 축하라니"
2019-03-25 15:52:13,"유현정","넌 이제 리나한테 죽었다"
2019-03-25 15:52:52,"풀러스 앨빈","조용해 항공팀에 환불하면 얼마받는지 되는지 알아보고있으니까 짜식아"
2019-03-25 15:57:04,"유현정","ㅋㅋㅋㅋㅋㅋㅋ귀여운 것"
2019-03-25 15:57:12,"유현정","?"
2019-03-25 15:57:13,"유현정","잠깐"
2019-03-25 15:57:15,"유현정","이새끼가"
2019-03-25 15:57:29,"유현정","너 내가 고똥때문에 물어봤을 때는 환불 1도 안된다며"
2019-03-25 15:57:33,"유현정","이노무 싀킈"
2019-03-25 15:59:56,"케일","파덕은 왜. .,@!"
2019-03-25 16:05:01,"유현정","이리와"
2019-03-25 16:05:04,"유현정","때릴꺼야"
2019-03-25 16:14:40,"풀러스 기모","나도ㅋㅋㅋ 집계약때문에 물어봤는데 일도 안된다고 했는데ㅋㅋㅋㅋㅋ"
2019-03-25 16:17:05,"유현정","와"
2019-03-25 16:17:08,"유현정","저노무 색히"
2019-03-25 16:17:22,"유현정","야 그럴꺼면 생리학적 문제발생시에는 환불안됨 조약을 걸었어야지"
2019-03-25 16:18:40,"케일","ㅋㅋㅋㅋ그때 본인의 사망과 임신은 제외라고ㅋㅋ"
2019-03-25 16:18:59,"풀러스 리나","ㅋㅋㅋㅋㅋㅋㅋㅋㅋㅋㅋㅋㅋㅋㅋㅋㅋㅋㅋㅋㅋㅋㅋㅋㅋㅋㅋㅋㅋㅋㅋㅋㅋㅋㅋㅋㅋㅋㅋㅋㅋㅋㅋ"
2019-03-25 16:19:06,"풀러스 리나","면접보다가 빵터졌네 카톡보고"
2019-03-25 16:19:18,"풀러스 리나","이따가 다들 통화하자"
2019-03-25 16:22:19,"유현정","ㅋㅋㅋㅋㅋㅋㅋㅋㅋㅋㅋㅋㅋㅋㅋㅋㅋㅋㅋㅋ"
2019-03-25 16:22:22,"유현정","아 임신 있었어?"
2019-03-25 16:22:22,"유현정","ㅇㅈ"
2019-03-25 16:23:12,"풀러스 리나","야 근데 너네 나를 너무 내친다"
2019-03-25 16:23:19,"풀러스 리나","좀 같이 가자고 잡을 줄알았는데"
2019-03-25 16:23:20,"풀러스 리나","흥"
2019-03-25 16:23:31,"유현정","?"
2019-03-25 16:23:32,"유현정","야"
2019-03-25 16:23:38,"유현정","42도 스쿠터 ㅋㅋㅋㅋㅋㅋㅋㅋㅋㅋㅋ"
2019-03-25 16:23:40,"유현정","갈래 ?ㅋㅋㅋㅋㅋㅋㅋㅋㅋㅋ"
2019-03-25 16:23:51,"풀러스 리나","같이 데꾸가서 난 호텔에서 놀면되지"
2019-03-25 16:23:59,"유현정","그래?"
2019-03-25 16:24:00,"유현정","가자"
2019-03-25 16:24:08,"풀러스 리나","근데 일단ㅋㅋㅋㅋㅋㅋㅋ 의사쌤좀 만나고"
2019-03-25 16:24:14,"풀러스 리나","안된다고 하거같음 ㅜㅜ"
2019-03-25 16:24:34,"유현정","님들"
2019-03-25 16:24:36,"유현정","체파 ㅋㅋㅋㅋㅋㅋ"
2019-03-25 16:24:38,"유현정","대단하다 진짜"
2019-03-25 16:24:43,"유현정","장준혁 죽여버려"
2019-03-25 16:25:01,"풀러스 리나","? 그렇다 이거지"
2019-03-25 16:25:13,"유현정","야 들어봐"
2019-03-25 16:25:14,"유현정","체파 지금"
2019-03-25 16:25:23,"유현정","임금 삭감 20%씩 하고"
2019-03-25 16:25:29,"유현정","줄 퇴직금이 없다는 썰도 있대 ㅋㅋㅋㅋㅋ"
2019-03-25 16:25:46,"풀러스 리나","헐ㅋㅋㅋㅋㅋ"
2019-03-25 16:26:01,"유현정","개도랐 ㅋㅋㅋㅋㅋㅋㅋㅋㅋ"
2019-03-25 16:26:29,"풀러스 리나","거기 아직 사람 남아있는게 신기"
2019-03-25 16:26:32,"케일","엌ㅋㅋㅋㅋㅋㅋ"
2019-03-25 16:26:36,"케일","망했넴"
2019-03-25 16:26:50,"유현정","ㅎ ㅏ........"
2019-03-25 16:26:54,"유현정","진짜 내 인생 최고 실수는"
2019-03-25 16:26:59,"유현정","풀러스를 떠나 저기 간거야"
2019-03-25 16:27:01,"유현정","아 아니다"
2019-03-25 16:27:07,"유현정","그래도 연봉 많이 올렸다 체파 덕분에"
2019-03-25 16:27:13,"유현정","체파 기준으로 클룩이랑 계약했으니"
2019-03-25 16:27:15,"유현정","땡큐"
2019-03-25 16:29:37,"풀러스 리나","좋게좋게 생각해 그래서 그나저나 파덕이랑 케일 내일 점심 이후에 울집 온다는거지???ㅋㅋ"
2019-03-25 16:30:03,"케일","넹 내일 운동하고 가면 4시 좀 넘을 듯 해요"
2019-03-25 16:30:46,"풀러스 리나","쪼아"
2019-03-25 16:31:58,"유현정","쪼아"
2019-03-25 16:32:07,"유현정","리나 뭐 디저트 먹고 싶은거 있?"
2019-03-25 16:32:19,"풀러스 리나","나 에그드롭"
2019-03-25 16:32:21,"풀러스 리나","엄청 떙겨"
2019-03-25 16:32:28,"풀러스 리나","토스트가 자꾸 땡김"
2019-03-25 16:32:40,"유현정","ㅇㅋ"
2019-03-25 16:32:44,"유현정","찾아서 있음 가져갈게"
2019-03-25 16:32:47,"유현정","없음 이삭먹어라"
2019-03-25 16:32:48,"유현정","ㅋㅋㅋㅋ"
2019-03-25 16:32:54,"풀러스 리나","응 이삭 사러 나갈려고 면접 끝나고"
2019-03-25 16:54:14,"풀러스 앨빈","우리 조항에 임신있었어 바보얌"
2019-03-25 16:54:26,"유현정","놀랍다"
2019-03-25 16:54:31,"유현정","그 경우의 수가 실제로 발생하다니"
2019-03-25 16:54:33,"풀러스 앨빈","저출산국가인데"
2019-03-25 16:54:36,"유현정","앨빈일줄 알았는데..."
2019-03-25 16:54:39,"풀러스 앨빈","그러니까 나도 개드립친건데.."
2019-03-25 16:54:42,"유현정","조항의 주인은..."
2019-03-25 16:54:47,"풀러스 앨빈","리나박~~"
2019-03-25 16:54:48,"풀러스 앨빈","태명뭐야"
2019-03-25 16:54:52,"유현정","픨링이"
2019-03-25 16:55:00,"유현정","강픨링"
2019-03-25 16:55:15,"풀러스 앨빈","ㅋㅋㅋㅋㅋ"
2019-03-25 16:55:16,"유현정","느낌있잖아"
2019-03-25 16:55:23,"유현정","근데 리나는 애니로 하고 싶대"
2019-03-25 16:55:31,"유현정","그래서 픨링이를 춫천해줬어"
2019-03-25 16:58:01,"케일","강박중강약 은 어때요"
2019-03-25 16:58:04,"케일","ㅎㅎㅈㅅ"
2019-03-25 16:58:15,"케일","이모티콘"
2019-03-25 17:00:45,"풀러스 리나","얔ㅋㅋㅋ"
2019-03-25 17:00:52,"풀러스 리나","애니라고 이쁘게 불러줘"
2019-03-25 17:01:25,"풀러스 리나","나도 내가 올해 애기를 날줄은 몰랐음ㅋㅋㅋㅋ"
2019-03-25 17:01:51,"풀러스 리나","회사 일부 사람들한테도 말함 나 4월말까진 재택하면서 쉬엄쉬엄 일한닼ㅋ"
2019-03-25 17:02:12,"풀러스 리나","울 대표 너무 좋아해 축하한다고ㅋㅋ디행이야 이런회사여서"
2019-03-25 17:06:25,"풀러스 리나","사진"
2019-03-25 17:06:25,"풀러스 리나","파리에서 면접보는 사람인데 엄청 신선햌ㅋㅋ"
2019-03-25 17:08:34,"케일","ㅋㅋㅋ리나는 왜 라이브화면 아니에요"
2019-03-25 17:09:02,"풀러스 리나","나 침대여"
2019-03-25 17:09:05,"풀러스 리나","미식거려섴ㅋㅋ"
2019-03-25 17:28:30,"유현정","ㅋㅋㅋㅋㅋㅋㅋㅋㅋㅋㅋㅋㅋㅋ"
2019-03-25 17:28:31,"유현정","누가 뭐래도"
2019-03-25 17:28:34,"유현정","리나네 회사가 최고야"
2019-03-25 21:46:42,"풀러스 기모","와우 진짜 프랑스 사람같다ㅋㅋㅋㅋㅋ"
2019-03-25 21:46:46,"풀러스 기모","신기해요!!!!"
2019-03-25 21:53:51,"풀러스 준","뭐야 읽는데 한참 걸렸다 읽다가 쭉 내렸는데"
2019-03-25 21:54:09,"풀러스 준","리나 엄마되는거야?!?!?! 말도안되 ㅋㅋㅋㅋㅋㅋㅋㅋㅋㅋ 완전 축하해 !!!!"
2019-03-25 21:54:52,"풀러스 준","대박 ㅋㅋㅋㅋㅋㅋㅋ 나도 이해 못했는데 케일도 이해 못 하고 있었어"
2019-03-25 21:55:56,"유현정","ㅋㅋㅋㅋㅋㅋㅋㅋㅋㅋㅋㅋㅋ"
2019-03-25 21:55:58,"유현정","정말"
2019-03-25 21:56:03,"유현정","정말 뒤늦은 뒷북이다"
2019-03-25 21:56:10,"유현정","걸스데이 멤버로서 너무 한거 아니냐 준"
2019-03-25 21:58:35,"풀러스 준","야 나 회의하고 이제 자리왔어"
2019-03-25 21:58:40,"풀러스 준","너무했다"
2019-03-25 21:58:56,"풀러스 준","너는 언제 엄마되냐 ㅋㅋㅋ"
2019-03-25 21:59:30,"풀러스 준","리나가 엄마되는거 상상도 안 되네. ㅋㅋㅋㅋ 파덕도 상상도 안되지만"
2019-03-25 22:00:45,"유현정","난 3년은 더걸려"
2019-03-25 22:00:52,"유현정","리나네 애랑 대로네 애랑 동갑이야"
2019-03-25 22:05:49,"풀러스 준","그러게"
2019-03-25 22:05:54,"풀러스 준","ㅋㅋ잼있네"
2019-03-25 22:09:01,"유현정","넌 언제 낳을꺼야"
2019-03-25 22:09:05,"유현정","이번에 태국가면 색시 구해봐"
2019-03-25 22:19:32,"풀러스 리나","ㅋㅋㅋㅋㅋㅋㅋㅋㅋㅋㅋㅋ너무 뒷북아니냐"
2019-03-25 22:20:13,"풀러스 리나","나 태국....ㅠㅠㅠ"
2019-03-25 22:20:28,"풀러스 리나","앨빈 혹시 물어봤어??ㅠㅠ"
2019-03-25 22:21:45,"풀러스 앨빈","ㄴㄴ"
2019-03-25 22:21:49,"풀러스 앨빈","좀바빠서"
2019-03-25 22:21:53,"풀러스 앨빈","아직허ㅡ사"
2019-03-25 22:24:25,"풀러스 준","리나 가야 잼있는데"
2019-03-25 22:24:28,"풀러스 준","아쉽군"
2019-03-25 22:25:02,"유현정","사진"
2019-03-25 22:25:06,"유현정","이럴꺼면 사업을 하는게 낫겠어"
2019-03-25 22:25:11,"유현정","밥먹고 현수막만 만드는거 같아"
2019-03-25 22:26:18,"케일","ㅋㅋㅋㅋ"
2019-03-25 22:27:29,"풀러스 리나","마자 내가 가야 재밌는데...내가 그 엄청난 확률의 주인공이 될줄이야"
2019-03-25 22:27:48,"유현정","ㅋㅋㅋㅋㅋㅋ"
2019-03-25 22:27:52,"유현정","야 원석이가 ㅋㅋㅋㅋㅋㅋ"
2019-03-25 22:28:00,"유현정","우리 여행 꺠는 조건 얘기하다가 임신 사망만 되구"
2019-03-25 22:28:13,"유현정","난 그게 앨빈이 주인공일줄 알았다니까"
2019-03-25 22:28:16,"유현정","그러게 .. 이러더라 ㅋㅋㅋㅋ"
2019-03-25 22:29:00,"풀러스 리나","ㅋㅋㅋㅋㅋㅋㅋㅋㅋㅋㅋㅋㅋㅋㅋㅋ"
2019-03-25 22:29:06,"풀러스 리나","그니까 나도 그럴줄 알았다고"
2019-03-25 22:29:39,"케일","ㅋㅋㅋㅋㅋㅋㅋㅋㅋ"
2019-03-25 22:30:02,"풀러스 앨빈","??"
2019-03-25 22:41:34,"풀러스 기모","ㅋㅋㅋㅋㅋㅋㅋㅋㅋㅋㅋㅋㅋㅋㅋㅋ"
2019-03-25 22:41:45,"풀러스 기모","우리 앨빈ㅋㅋㅋㅋㅋㅋㅋㅋㅋㅋ"
2019-03-25 22:45:58,"풀러스 앨빈","그래서 리나 취소한다?"
2019-03-25 22:46:05,"풀러스 앨빈","얼마줄지몰랑"
2019-03-25 22:58:47,"풀러스 리나","응 취소해야할듯ㅜ"
2019-03-25 23:00:18,"풀러스 리나","내가 취소해야 남은 사람들이 편하게 놀지"
2019-03-25 23:01:51,"풀러스 앨빈","ㅇㅋㅇㅋ"
2019-03-25 23:01:56,"풀러스 앨빈","낼요청함"
2019-03-25 23:02:13,"유현정","사진"
2019-03-25 23:02:14,"유현정","완성"
2019-03-25 23:02:16,"유현정","아버님 가즈아"
2019-03-25 23:02:48,"케일","자환당이라니"
2019-03-25 23:02:50,"풀러스 앨빈","이모티콘"
2019-03-25 23:02:56,"풀러스 앨빈","자환당.."
2019-03-25 23:03:43,"유현정","원석이 통해서 알아봤지"
2019-03-25 23:03:55,"유현정","저게 중요해 얘드라"
2019-03-25 23:03:59,"유현정","나중에 결혼할떄 기억해둬"
2019-03-25 23:04:04,"유현정","어른들 정치성향 알아야지"
2019-03-25 23:04:08,"유현정","안그럼 난리난데이"
2019-03-25 23:04:18,"풀러스 앨빈","홍카콜라해"
2019-03-25 23:04:28,"풀러스 앨빈","원카콜라~~~~"
2019-03-25 23:04:55,"풀러스 앨빈","택시ㄹㅇ 험하게모네"
2019-03-25 23:05:07,"유현정","타다 타지 그랬냐"
2019-03-25 23:05:09,"유현정","회사돈인데"
2019-03-25 23:06:08,"풀러스 앨빈","깇ᆢㄴ"
2019-03-25 23:12:24,"케일","리나 그러면 국내여행가요!!"
2019-03-25 23:12:28,"유현정","맞아"
2019-03-25 23:12:32,"유현정","그럼 우리 거기가자"
2019-03-25 23:12:35,"유현정","닭도리탕!!"
2019-03-25 23:14:16,"풀러스 리나","앨빈 일단 당장 취소하지 말고 4월 초에 결정해도 되? 병원한번 더가보고"
2019-03-25 23:14:37,"풀러스 리나","웅 유림가자!! 나 근데 점점 입덧 시작함ㅜㅜㅋㅋㅋ괴롭"
2019-03-25 23:20:57,"케일","헐 입덧이 벌써 시작됐어요?"
2019-03-25 23:22:03,"풀러스 앨빈","리나"
2019-03-25 23:22:12,"풀러스 앨빈","늦게하믄"
2019-03-25 23:22:22,"풀러스 앨빈","돈얼마못받을거야"
2019-03-25 23:22:30,"풀러스 앨빈","낼일단말시사보구"
2019-03-25 23:22:32,"풀러스 앨빈","해보구"
2019-03-25 23:22:54,"풀러스 앨빈","안정기를가지렴"
2019-03-25 23:41:05,"풀러스 리나","ㅇ그려"
2019-03-25 23:56:38,"풀러스 준","이제 퇴근이다"
2019-03-25 23:56:43,"풀러스 준","그래도 자정 안 넘겼군"
2019-03-26 12:08:11,"케일","리나리나 뭐 먹고싶은거 있으십니까"
2019-03-26 12:08:20,"풀러스 리나","나 에그드롭ㅋㅋㅋㅋㅋㅋ"
2019-03-26 12:08:43,"케일","에그드롭은 파덕이 사올거에요ㅋㅋㄲ"
2019-03-26 12:08:48,"풀러스 리나","히히 그러면 딸기주스"
2019-03-26 12:08:51,"풀러스 리나","생과일"
2019-03-26 12:09:03,"유현정","샵검색: #잠실 에그드롭"
2019-03-26 12:09:05,"유현정","있규나"
2019-03-26 12:09:08,"유현정","내가 가져간다니"
2019-03-26 12:09:14,"케일","ㅋㅋㅋㅋㅋ"
2019-03-26 12:09:20,"케일","딸기주스!"
2019-03-26 12:09:27,"케일","오케 접수했습니다"
2019-03-26 12:09:35,"풀러스 리나","잠깐"
2019-03-26 12:09:37,"풀러스 리나","잠실에서 부터"
2019-03-26 12:09:39,"풀러스 리나","가지고 온다고?"
2019-03-26 12:09:53,"풀러스 리나","안돼!!ㅋㅋㅋ그건 바로 먹어야 맛있다곸ㅋㅋ"
2019-03-26 12:09:57,"유현정","그럼 없어"
2019-03-26 12:10:00,"유현정","이삭먹어"
2019-03-26 12:10:03,"풀러스 리나","그럼 울집앞에 있는 이삭ㅋㅋ"
2019-03-26 12:10:06,"유현정","ㅇㅋ"
2019-03-26 12:10:06,"풀러스 리나","야채들어간걸로"
2019-03-26 12:10:09,"유현정","이삭 오랜만이다"
2019-03-26 12:10:14,"유현정","난 포테이토 먹어야지"
2019-03-26 12:10:29,"케일","저는 햄야채요"
2019-03-26 12:10:36,"풀러스 리나","님들 언제오는거? 나 오늘 엄마랑 산부인과 한번 더 가는데"
2019-03-26 12:10:47,"풀러스 리나","피해서 다녀오게ㅋㅋ"
2019-03-26 12:10:49,"유현정","나 빨리가먄 세시?"
2019-03-26 12:10:53,"유현정","지금 가ㅛ다와"
2019-03-26 12:10:58,"풀러스 리나","세시 애매한뎁ㅋㅋ"
2019-03-26 12:11:05,"풀러스 리나","네시에 오면 안되??"
2019-03-26 12:11:22,"케일","몇시에 다녀오세요?"
2019-03-26 12:11:33,"풀러스 리나","점심먹고 다녀올거긴해ㅎㅎ"
2019-03-26 12:11:35,"케일","저는 어차피 4시 넘어야해요"
2019-03-26 12:11:36,"케일","ㅋㅋ"
2019-03-26 16:07:38,"케일","저 지금 출발해요!"
2019-03-26 16:08:53,"유현정","나도 출바을"
2019-03-26 16:22:45,"풀러스 리나","컴온!"
2019-03-26 16:52:41,"풀러스 리나","케일 파덕 언제쯤 도착??"
2019-03-26 16:53:24,"케일","저 등촌역 내렸어요"
2019-03-26 16:53:33,"풀러스 리나","오호호호"
2019-03-26 16:54:28,"유현정","난 염창역에서"
2019-03-26 16:54:31,"유현정","등촌가는거 기다리는중"
2019-03-26 16:54:34,"유현정","급행 갈아탔어"
2019-03-26 16:55:09,"풀러스 리나","오키오키키키"
2019-03-26 16:55:55,"유현정","리나 토스트?"
2019-03-26 16:56:08,"풀러스 리나","아니야 그냥 와ㅋㅋ 괜찮아지금"
2019-03-26 20:43:21,"케일","만화카페왔는데"
2019-03-26 20:43:28,"케일","파덕이 코골면서 자요"
2019-03-26 20:43:29,"케일","ㅋㅋㅋㅋ"
2019-03-26 21:03:06,"풀러스 앨빈","이모티콘"
2019-03-26 21:14:03,"풀러스 리나","그럴꺼면 왜갔닠ㅋㅋㅋ"
2019-03-26 21:15:37,"케일","리나 여기 맛있는게 뭐예요?ㅋㅋ"
2019-03-26 23:20:12,"풀러스 리나","나 지금 확인했엉ㅜㅋ 뭐 먹었어?"
2019-03-26 23:23:42,"유현정","컵라면.."
2019-03-26 23:39:08,"풀러스 리나","오메"
2019-03-26 23:39:11,"풀러스 리나","왜??ㅋㅋㅋ"
2019-03-26 23:43:37,"유현정","그냥 찾기 귀찮았엌ㅋㅋㅋ"
2019-03-26 23:43:43,"유현정","담에 할범 탕슉 먹자"
2019-03-26 23:43:56,"유현정","일케 돈 요청 보내라"
2019-03-27 11:18:56,"풀러스 리나","나 오늘 꿈꿨는데"
2019-03-27 11:19:14,"풀러스 리나","파덕 준이 요즘 우리한테 말도 안한다고했잖아 꿈에서 그 이유가 나왔음"
2019-03-27 11:19:24,"풀러스 리나","준도 임신을 해서 아빠가 됐더라구!!!"
2019-03-27 11:19:36,"풀러스 리나","준 확인해봨ㅋㅋ뭔가 내 꿈이 심상치않았어"
2019-03-27 11:19:56,"유현정","................"
2019-03-27 11:19:56,"케일","ㅋㅋㄲㅋㅋㅋㅋㅋㅋㄲㅋ준이 임신을 했다구요?"
2019-03-27 11:19:59,"유현정","세상에"
2019-03-27 11:20:00,"케일","ㅋㅋㅋㅋㅋㅋㅋㅋㅋㅋ"
2019-03-27 11:20:03,"유현정","우주 대반전"
2019-03-27 11:29:49,"풀러스 앨빈","ㅋㅋㅋㅋㅋㅋㅋㅋㅋ"
2019-03-27 11:29:54,"풀러스 앨빈","준배가..심상치않아"
2019-03-27 11:30:29,"풀러스 준","이런!"
2019-03-27 11:30:37,"유현정","앨빈이 아빠될줄 알았지"
2019-03-27 11:30:40,"유현정","준이 엄마되는건"
2019-03-27 11:30:48,"유현정","상상도 멋했다"
2019-03-27 11:31:02,"풀러스 준","회의중이다 웃기지 말아줘 나 입꼬리 올라감ㅋㅋ"
2019-03-27 11:33:25,"풀러스 앨빈","ㅡㅡ"
2019-03-27 11:38:22,"유현정","아들일가 같아"
2019-03-27 11:43:22,"풀러스 리나","ㅋㅋㅋㅋㅋㅋㅋㅋㅋㅋㅋㅋㅋㅋㅋㅋㅋㅋ"
2019-03-27 11:43:29,"풀러스 리나","준이였어 다음타자는"
2019-03-27 16:54:08,"유현정","회사에서"
2019-03-27 16:54:11,"유현정","카톡이 왔는데"
2019-03-27 16:54:13,"유현정","읽어말어"
2019-03-27 16:55:51,"케일","안읽씹이죠"
2019-03-27 16:55:58,"케일","ㅋㅋㅋㅋ"
2019-03-27 16:57:04,"유현정","ㅋㅋㅋㅋㅋㅋㅋㅋㅋㅋ"
2019-03-27 16:57:12,"유현정","후욱후욱"
2019-03-27 16:57:15,"유현정","궁금킨 하다"
2019-03-27 16:58:01,"케일","한 이틀뒤에 읽는거에요"
2019-03-27 16:58:24,"유현정","아까 위에 알람올때보니"
2019-03-27 16:58:35,"유현정","문자 온거 같았는데"
2019-03-27 17:43:20,"풀러스 리나","나 다음주 금욜까지 쉰다!!! 근데 쉬는게 쉬는걸까??"
2019-03-27 17:43:32,"풀러스 리나","울집 낮에 놀러와 되는사람"
2019-03-27 17:48:02,"풀러스 준","쉬고싶다"
2019-03-27 17:52:17,"유현정","대박"
2019-03-27 18:06:50,"풀러스 리나","등촌칼국수가쟈(wow)"
2019-03-28 00:26:43,"케일","다음주에 언제 놀러가죠"
2019-03-28 00:26:49,"케일","1"
2019-03-28 09:39:40,"풀러스 리나","아뮤때나!!"
2019-03-28 11:48:02,"유현정","앨빈"
2019-03-28 11:48:06,"유현정","가방내놔"
2019-03-28 12:30:03,"풀러스 앨빈","ㅇㅇㅇ"
2019-03-28 12:30:05,"풀러스 앨빈","있음"
2019-03-28 12:30:09,"풀러스 앨빈","메이비"
2019-03-28 12:30:13,"풀러스 앨빈","이따연락함"
2019-03-28 12:37:23,"풀러스 리나","얘두라 나 심심해"
2019-03-28 12:40:39,"유현정","난 염색할꺼야"
2019-03-28 13:03:33,"풀러스 앨빈","담주재택 ㄱㄱ"
2019-03-28 14:32:16,"풀러스 리나","사진"
2019-03-28 14:32:43,"풀러스 리나","감동이야 이것봐ㅎ"
2019-03-28 14:32:48,"풀러스 앨빈","애긔"
2019-03-28 14:32:55,"풀러스 리나","별게 다 눈물남"
2019-03-28 14:33:11,"풀러스 리나","ㅠㅠㅠㅠㅠ너네들이랑도 이제 예전처럼 못놀것 같다고 생각하면 또 눈물남"
2019-03-28 14:33:13,"풀러스 리나","주책임"
2019-03-28 14:35:00,"풀러스 앨빈","호르몬~~~~때문이얌~~~~"
2019-03-28 14:35:03,"풀러스 앨빈","우리랑"
2019-03-28 14:35:06,"풀러스 앨빈","놀다보면괜찮아질거얌"
2019-03-28 14:35:11,"풀러스 앨빈","담주 재태고곡"
2019-03-28 14:36:34,"유현정","애긔애긔"
2019-03-28 14:36:40,"유현정","나 흑발 염색 중이야"
2019-03-28 14:36:47,"풀러스 기모","ㅋㅋㅋㅋㅋㅋㅋ리나 진짜 으른같다!!!"
2019-03-28 14:36:47,"풀러스 리나","난 염색도 못하두"
2019-03-28 14:36:52,"풀러스 리나","밥도 못먹고있어ㅠㅠㅠ"
2019-03-28 14:36:59,"유현정","밥은 왜"
2019-03-28 14:37:01,"풀러스 리나","네시까지 뭘 잘 못먹겠어"
2019-03-28 14:37:03,"풀러스 리나","울렁거려서"
2019-03-28 14:37:07,"유현정","헉"
2019-03-28 14:37:13,"풀러스 리나","어제 님들 보쌈얘기해서"
2019-03-28 14:37:22,"풀러스 리나","바로 쥬문했는데 막국수가 너무 맛없는거야"
2019-03-28 14:37:25,"풀러스 리나","그래서 다 버림ㅜㅜ"
2019-03-28 14:37:31,"유현정","ㅋㅋㅋㅋ"
2019-03-28 14:37:35,"유현정","당산 족발을"
2019-03-28 14:37:39,"유현정","먹었어야 했네"
2019-03-28 14:37:47,"풀러스 리나","그 국수가 엄청 먹고싳어"
2019-03-28 14:37:51,"풀러스 리나","시원한 막국숰ㅋㅋ"
2019-03-28 14:37:57,"풀러스 리나","새콤해서"
2019-03-28 14:38:01,"유현정","오늘 브롱스 출동이네"
2019-03-28 14:38:32,"풀러스 리나","아니 나만 쉬면 뭐해"
2019-03-28 14:38:38,"풀러스 리나","남편도 같이쉬어야"
2019-03-28 14:38:47,"풀러스 리나","내가 좀 도움을 받지"
2019-03-28 14:39:33,"풀러스 기모","남편들도 이제 육아휴직쓴데요!!!"
2019-03-28 14:43:01,"풀러스 리나","그건 아기가 태어나면(hopeful)"
2019-03-28 14:43:10,"풀러스 리나","기모 막국수가 먹구싳어요"
2019-03-28 14:43:58,"케일","다음주 당족쓰?"
2019-03-28 14:44:24,"풀러스 리나","당족 사가지고 올랭??ㅋㅋㅋ 난 국수만 먹을래"
2019-03-28 14:44:33,"풀러스 기모","막국수!!!ㅠㅠㅠ 푸드플라이에서 배달안해주나!!!"
2019-03-28 14:52:47,"풀러스 리나","ㅠㅠㅋㅋ 근데 난 이렇게 배려받고 쉬는데도 힘든데 그렇지 않은 사람들은 대체 어떻게 견디는지 모르겠어여"
2019-03-28 15:33:03,"유현정","나 흑발"
2019-03-28 15:33:04,"유현정","완전 어색해"
2019-03-28 15:33:05,"유현정","와우"
2019-03-28 15:33:06,"유현정","10년 만인거 같은데"
2019-03-28 15:42:21,"풀러스 기모","사진사진!!!!"
2019-03-28 15:42:53,"풀러스 기모","그런데 왜 갑자기 흑발해요?"
2019-03-28 15:47:20,"유현정","캐나다 가면"
2019-03-28 15:47:23,"유현정","미용실이 너무 비싸서"
2019-03-28 15:47:26,"유현정","염색을 못해서여"
2019-03-28 15:47:28,"유현정","^.ㅠ"
2019-03-28 15:50:14,"풀러스 리나","사진사진"
2019-03-28 15:50:45,"풀러스 기모","사진사진!!!!"
2019-03-28 15:51:18,"유현정","사진"
2019-03-28 15:51:19,"유현정","부끄러운디"
2019-03-28 15:51:21,"유현정","보아라"
2019-03-28 15:51:23,"유현정","이게 흑발 파덕이다"
2019-03-28 15:51:38,"풀러스 기모","괜찮은데?????"
2019-03-28 15:51:46,"풀러스 기모","더 멋있어졌는데??"
2019-03-28 15:51:48,"풀러스 기모","귀요미에서"
2019-03-28 15:52:03,"유현정","키키킼"
2019-03-28 15:52:04,"유현정","기모는"
2019-03-28 15:52:09,"유현정","무조건 이쁘다고 하잖아욧!"
2019-03-28 15:52:44,"풀러스 기모","이쁘니깐 이쁘다고하죠~~~~~"
2019-03-28 15:53:06,"유현정","이모티콘"
2019-03-28 15:53:10,"유현정","기모밖에 옶어"
2019-03-28 15:53:15,"유현정","기모보고싶당"
2019-03-28 15:53:19,"유현정","어제 기모도 없이"
2019-03-28 15:53:25,"유현정","시커먼 애들만 상대하느라 너무 힘들었어요"
2019-03-28 15:53:30,"유현정","막 더러운 개그했어요"
